StartDate,EndDate,Status,IPAddress,Progress,Duration (in seconds),Finished,RecordedDate,ResponseId,RecipientLastName,RecipientFirstName,RecipientEmail,ExternalReference,LocationLatitude,LocationLongitude,DistributionChannel,UserLanguage,Prolific,UG_Person_A_1,UG_Person_A_2,UG_P_B,Dictator_Person_B_2,Dictator_Person_B_3,Dictator_Person_B_4,Dictator_Person_B_5,Dictator_Person_B_6,Dictator_Person_B_7,Dictator_Person_B_8,Dictator_Person_B_9,Dictator_Person_B_10,Dictator_Person_B_11,Dictator_Person_B_12,Dictator_Person_B_13,Dictator_Person_B_14,Dictator_Person_B_15,Dictator_Person_B_16,Dictator_Person_B_17,Dictator_Person_B_18,Dictator_Person_B_19,Dictator_Person_B_20,Dictator_Person_B_21,AT_1,AT_2,AT_3,AT_2_1,AT_2_2,AT_2_3,AT_2_4,Risk_Task_Answer,Age,Sex,EDU,EDU_6_TEXT,Income_1,PROLIFIC_PID,total,bombsClickedArr1,bombsClickedArr2,bombsClickedArr3,bombsClickedArr4,bombsClickedArr5,totalBoxesClickedArr1,totalBoxesClickedArr2,totalBoxesClickedArr3,totalBoxesClickedArr4,totalBoxesClickedArr5,risk,highAmountOfMoney,nBombsArr1,nBombsArr2,nBombsArr3,nBombsArr4,nBombsArr5,payoutRoundOneBasedIndex,Belief_R1.0,Belief_R1.1,Belief_R1.2,Belief_R2.0,Belief_R2.1,Belief_R2.2,Belief_R3.0,Belief_R3.1,Belief_R3.2,Belief_R4.0,Belief_R4.1,Belief_R4.2,Belief_R5.0,Belief_R5.1,Belief_R5.2
23/08/2021 09:55,23/08/2021 10:01,0,194.62.232.103,100,369,1,23/08/2021 10:01,R_effJa4Zkek25khb,,,,,51.49639893,-0.122406006,anonymous,EN,611ea6d3d6c302ed2253b79e,13,7,1,1,1,1,1,2,2,2,2,2,2,2,2,2,2,2,2,2,2,2,2,1,,,1,,,,4,25,2,4,,2300,,,1,1,0,0,0,15,17,15,17,18,1,0,1,1,1,1,1,5,,,,,,,,,,,,,,,
23/08/2021 09:51,23/08/2021 10:04,0,71.93.162.218,100,764,1,23/08/2021 10:04,R_p4pj0NEGhwiJhOp,,,,,34.24229431,-117.2747955,anonymous,EN,6101d0db59a4e721c8b7173a,14,6,7,1,1,1,1,1,2,2,2,2,2,2,2,2,2,2,1,2,2,2,2,1,,,1,,,,6,35,1,4,,3935,,,1,1,1,1,0,100,100,100,100,64,1,1,1,1,1,1,1,5,,,,,,,,,,,,,,,
23/08/2021 09:54,23/08/2021 10:05,0,108.162.129.58,100,659,1,23/08/2021 10:05,R_1Frzv9feAAUhxd4,,,,,45.44039917,-75.51650238,anonymous,EN,61233f89cc9f6706f93e41c8,10,10,10,2,2,2,2,2,2,2,2,2,2,2,2,2,2,2,2,2,2,2,2,1,,,1,,,,3,18,1,2,,196,,,1,1,1,1,0,60,60,50,50,30,1,1,1,1,1,1,1,5,,,,,,,,,,,,,,,
23/08/2021 09:58,23/08/2021 10:11,0,188.147.3.117,100,745,1,23/08/2021 10:11,R_2nJmUpE78Iznrzj,,,,,50.25270081,19.02839661,anonymous,EN,61233bcbe3860b9432d6475d,10,10,2,1,1,1,1,1,1,1,1,1,2,2,2,2,2,2,2,2,2,2,2,1,,,1,,,,7,23,2,2,,561,,,1,1,0,1,1,89,75,45,50,60,1,1,1,1,1,1,1,5,,,,,,,,,,,,,,,
23/08/2021 10:05,23/08/2021 10:14,0,196.10.113.13,100,549,1,23/08/2021 10:14,R_r6WY3RpphjsBeSJ,,,,,-26.38110352,27.83760071,anonymous,EN,611d4ad8d8cc3ea50887d29a,10,10,5,2,2,2,2,2,2,2,2,2,2,2,2,2,2,2,2,2,2,2,2,2,0,0,,,,,,,,,,,,,,,,,,,,,,,,,,,,,,,,,,,,,,,,,,,,,
23/08/2021 10:03,23/08/2021 10:14,0,172.112.180.165,100,659,1,23/08/2021 10:14,R_2vetwQJLHmMGLLP,,,,,33.84599304,-118.3455963,anonymous,EN,61234202580163f956c6f1a5,12,8,6,1,1,1,1,1,2,2,2,2,2,2,2,2,2,2,2,2,2,2,2,1,,,1,,,,3,20,2,3,,1017,,,1,0,1,0,0,100,36,37,33,33,0,0,1,0,2,2,2,1,33,33,33,33,33,33,33,33,33,33,33,33,33,33,33
23/08/2021 09:55,23/08/2021 10:15,0,212.162.98.141,100,1238,1,23/08/2021 10:15,R_3rUmZghsl8bvWUy,,,,,41.89039612,12.51260376,anonymous,EN,611cf13dcf9fff7d7d1ea042,10,10,5,1,1,1,1,1,2,2,2,2,2,2,2,2,2,2,2,2,2,2,2,1,,,1,,,,3,29,2,5,,1606,,,0,0,2,0,1,30,40,100,40,40,0,1,0,0,2,1,1,2,2,38,60,5,35,60,100,0,0,3,37,60,2,43,55
23/08/2021 10:11,23/08/2021 10:17,0,82.32.30.126,100,360,1,23/08/2021 10:17,R_2rxbEV95pVVMyXw,,,,,55.80969238,-4.160995483,anonymous,EN,61228a3b0033ed972382839a,10,10,5,1,1,1,1,1,1,1,1,1,2,2,2,2,2,2,2,2,2,2,2,1,,,1,,,,1,32,2,3,,1150,,,1,0,1,0,0,25,5,5,10,5,1,1,1,1,1,1,1,2,,,,,,,,,,,,,,,
23/08/2021 10:09,23/08/2021 10:17,0,89.212.54.194,100,517,1,23/08/2021 10:17,R_3KMGnv4bqxjZV9e,,,,,46.05029297,14.5045929,anonymous,EN,611122ec72cf0ee131071bb5,10,10,2,1,1,1,1,2,2,2,2,2,2,2,2,2,2,2,2,2,2,2,2,1,,,1,,,,4,25,2,5,,808,,,0,1,0,0,0,35,40,36,40,53,0,1,1,2,2,1,2,3,0,30,70,20,60,20,0,30,70,0,30,70,0,0,100
23/08/2021 09:55,23/08/2021 10:19,0,83.247.136.49,100,1456,1,23/08/2021 10:19,R_2ZQY7aZw8UNkO1A,,,,,41.38699341,2.17010498,anonymous,EN,6120e9456fbf4fb4db2f9eaa,12,8,10,1,1,1,1,1,1,1,1,1,2,2,2,2,2,2,2,2,2,2,2,1,,,1,,,,6,23,2,4,,1246,,,0,0,0,0,0,10,18,10,10,10,0,0,1,2,2,1,0,2,0,50,50,100,0,0,0,50,50,100,0,0,100,0,0
23/08/2021 10:04,23/08/2021 10:20,0,47.224.46.91,100,990,1,23/08/2021 10:20,R_1KkAkuc3jeRlWWj,,,,,45.01300049,-84.67189789,anonymous,EN,61005e476c8ef302369411ea,10,10,5,1,1,2,2,1,2,1,1,2,2,2,1,2,2,1,2,1,2,1,1,1,,,1,,,,9,36,2,7,,1004,,,0,1,0,1,1,45,56,58,61,50,1,0,1,1,1,1,1,2,,,,,,,,,,,,,,,
23/08/2021 09:56,23/08/2021 10:23,0,156.155.172.8,100,1634,1,23/08/2021 10:23,R_3DwIdzyUqv97s9c,,,,,-26.38110352,27.83760071,anonymous,EN,612341db46906a1c071d03b7,11,9,5,1,1,1,1,1,1,1,1,1,2,2,2,2,2,2,2,2,2,2,2,1,,,1,,,,6,28,1,3,,1000,,,0,0,0,0,1,22,35,40,51,99,0,0,2,2,0,1,1,5,0,40,60,0,60,40,0,40,60,10,40,50,0,100,0
23/08/2021 10:08,23/08/2021 10:24,0,102.220.209.195,100,994,1,23/08/2021 10:24,R_SDabkDzXKaI8z6N,,,,,-34.04859924,18.48109436,anonymous,EN,6123482c7d3457df07896b61,10,10,5,2,2,2,2,2,2,2,2,2,2,2,2,2,2,2,2,2,2,2,2,1,,,1,,,,1,37,2,3,,1477,,,0,0,0,0,0,25,20,20,30,50,1,0,1,1,1,1,1,5,,,,,,,,,,,,,,,
23/08/2021 10:15,23/08/2021 10:25,0,77.219.6.147,100,585,1,23/08/2021 10:25,R_1hRrcdHfIyEq4bW,,,,,56.94960022,24.09779358,anonymous,EN,611f7667842f343651d3f746,10,10,5,1,1,1,1,1,1,1,1,1,1,1,1,1,1,1,1,1,2,2,2,1,,,1,,,,4,28,2,4,,1673,,,0,1,0,0,1,23,30,20,20,50,0,0,0,1,0,0,1,2,0,40,60,0,60,40,0,50,50,0,20,80,20,40,40
23/08/2021 10:19,23/08/2021 10:25,0,82.1.108.80,100,382,1,23/08/2021 10:25,R_W1LNHZ4ZmO7C79D,,,,,50.93209839,-1.389205933,anonymous,EN,5af2ea46aec2b600010aa7b5,10,10,10,1,1,1,1,1,1,1,1,1,1,1,2,2,2,2,2,2,2,2,2,1,,,1,,,,4,22,1,4,,796,,,1,0,0,0,0,100,25,20,15,11,1,1,1,1,1,1,1,5,,,,,,,,,,,,,,,
23/08/2021 10:15,23/08/2021 10:26,0,197.89.222.238,100,665,1,23/08/2021 10:26,R_2t3dF6BeCQAJSMp,,,,,-25.87750244,28.16799927,anonymous,EN,6122670468d9cb1d31a11cce,10,10,10,1,1,1,1,1,1,1,1,1,2,2,2,2,2,2,2,2,2,2,2,1,,,1,,,,3,30,1,5,,1800,,,1,0,0,0,1,10,10,10,10,10,0,1,2,1,0,1,1,3,10,30,60,0,40,60,0,40,60,0,40,60,0,40,60
23/08/2021 10:11,23/08/2021 10:27,0,196.21.104.10,100,995,1,23/08/2021 10:27,R_CdZI3uDumYyXHXP,,,,,-32.78100586,26.83680725,anonymous,EN,611ed0a3f596fd909d3ef0cc,13,7,9,1,1,1,1,2,2,2,2,2,2,2,2,2,2,2,2,2,2,2,2,1,,,1,,,,6,22,1,4,,0,,,0,1,0,0,0,20,40,20,20,20,1,1,1,1,1,1,1,5,,,,,,,,,,,,,,,
23/08/2021 10:11,23/08/2021 10:27,0,107.136.221.55,100,966,1,23/08/2021 10:27,R_3qIfSEveZ4bFz67,,,,,33.67480469,-117.908905,anonymous,EN,60fded40de3229b74dd5b2e6,11,9,8,1,1,1,1,1,1,1,2,2,2,2,2,2,2,2,2,2,2,2,2,0,1,,0,0,1,,6,33,2,2,,2817,,,0,1,0,0,1,22,27,22,26,27,1,0,1,1,1,1,1,3,,,,,,,,,,,,,,,
23/08/2021 10:16,23/08/2021 10:28,0,77.251.236.66,100,696,1,23/08/2021 10:28,R_WwUKu5iBGyddeW5,,,,,52.3401947,4.908401489,anonymous,EN,611fdcbc5a74ad4891642daf,10,10,9,1,1,2,2,2,2,2,2,2,2,2,2,2,2,2,2,2,2,2,2,1,,,1,,,,1,41,2,7,,2758,,,0,0,0,0,1,21,30,30,43,50,0,0,1,1,0,2,2,5,33,33,33,0,50,50,0,100,0,33,33,33,33,33,33
23/08/2021 10:11,23/08/2021 10:28,0,197.90.189.5,100,983,1,23/08/2021 10:28,R_wKNHQjNwpqfFXk5,,,,,-26.38110352,27.83760071,anonymous,EN,611f8c3334412e3f8ae3b0f7,12,8,10,1,1,1,1,1,1,1,1,2,2,2,2,2,2,2,2,2,2,2,2,1,,,1,,,,4,20,2,3,,0,,,0,0,0,0,1,10,11,12,13,15,1,1,1,1,1,1,1,5,,,,,,,,,,,,,,,
23/08/2021 10:12,23/08/2021 10:28,0,102.249.0.14,100,960,1,23/08/2021 10:28,R_1pEfEE55XgdRLsO,,,,,-29.85560608,31.04490662,anonymous,EN,611deba293f2155768efa363,15,5,7,1,1,1,1,1,1,1,1,1,2,2,2,2,1,2,2,2,2,2,2,0,0,1,0,0,0,1,8,29,2,2,,831,,,0,0,1,0,0,100,20,20,20,21,0,1,0,1,2,0,2,5,50,30,20,0,48,52,3,50,47,3,47,50,100,0,0
23/08/2021 09:58,23/08/2021 10:28,0,41.113.186.237,100,1798,1,23/08/2021 10:28,R_1OBSchrjrUnvAbs,,,,,-26.38110352,27.83760071,anonymous,EN,611e261e4d4d37d216b02c88,10,10,5,1,1,1,1,1,1,1,1,1,2,2,2,2,2,2,2,2,2,2,2,1,,,0,0,1,,4,32,2,3,,359,,,0,1,0,1,0,20,22,25,21,20,0,1,0,2,1,1,1,2,15,40,45,20,50,30,0,50,50,0,60,40,0,30,70
23/08/2021 10:20,23/08/2021 10:28,0,81.164.141.9,100,506,1,23/08/2021 10:28,R_3noRxXNsCuJpSXI,,,,,50.87579346,4.702697754,anonymous,EN,611e91583d31383792c713fd,10,10,8,1,1,1,1,1,1,1,1,2,2,2,2,2,2,2,2,2,2,2,2,1,,,1,,,,2,21,2,3,,600,,,0,0,0,0,0,29,11,7,11,9,1,0,1,1,1,1,1,3,,,,,,,,,,,,,,,
23/08/2021 10:18,23/08/2021 10:28,0,185.177.139.30,100,617,1,23/08/2021 10:28,R_Dq7GTCUA4I2JJ29,,,,,52.00450134,4.372802734,anonymous,EN,6123362ddf61c11fe34ad82d,10,10,5,2,2,2,2,2,2,2,2,2,2,2,2,2,2,2,2,2,2,2,2,1,,,1,,,,5,21,2,3,,600,,,1,1,0,0,0,65,40,20,36,50,1,0,1,1,1,1,1,1,,,,,,,,,,,,,,,
23/08/2021 10:09,23/08/2021 10:29,0,197.185.109.50,100,1204,1,23/08/2021 10:29,R_2YttMIPVI8uSZEt,,,,,-26.38110352,27.83760071,anonymous,EN,611d450ebb5afc14ca9a7179,10,10,5,1,1,1,1,1,1,1,1,1,2,2,2,2,2,2,2,2,2,2,2,1,,,1,,,,5,26,2,4,,200,,,0,0,1,1,1,15,20,35,25,30,0,0,1,0,2,1,2,5,25,25,50,25,50,25,25,25,50,25,50,25,25,25,50
23/08/2021 10:21,23/08/2021 10:29,0,46.165.145.210,100,504,1,23/08/2021 10:29,R_PCd6NGv0g8lKhyh,,,,,49.63749695,8.016494751,anonymous,EN,611d01b71a48a56297b2ce59,10,10,5,1,1,1,1,1,1,1,2,2,2,2,2,2,2,2,2,2,2,2,2,1,,,1,,,,4,24,1,2,,1604,,,0,1,0,1,1,40,50,100,55,10,0,0,2,2,0,1,2,4,67,33,0,66,34,0,75,25,0,0,45,55,0,60,40
23/08/2021 10:10,23/08/2021 10:30,0,105.216.72.77,100,1187,1,23/08/2021 10:30,R_2WUbpJWvPNkpHpe,,,,,-26.23080444,28.0585022,anonymous,EN,60ffdc01f8251a46b95c8dea,10,10,8,1,1,1,1,1,1,1,1,1,1,1,1,1,1,1,2,2,2,2,2,1,,,1,,,,5,33,2,6,Trade certificate,3438,,,0,1,1,0,0,38,35,29,21,29,1,0,1,1,1,1,1,4,,,,,,,,,,,,,,,
23/08/2021 10:26,23/08/2021 10:30,0,87.196.73.104,100,220,1,23/08/2021 10:30,R_ZxjWU19bOUKDIBz,,,,,38.73100281,-9.137298584,anonymous,EN,6122415f56bd3386394f47cb,1,19,1,2,2,2,2,2,2,2,2,2,2,2,2,2,2,2,2,2,2,2,2,1,,,2,0,0,0,,,,,,,,,,,,,,,,,,,,,,,,,,,,,,,,,,,,,,,,,
23/08/2021 10:07,23/08/2021 10:30,0,151.19.236.21,100,1378,1,23/08/2021 10:30,R_3MzXynl0wSMt1WW,,,,,43.14790344,12.10969543,anonymous,EN,612107f5fa83d080f9d18e40,15,5,2,2,2,2,2,2,2,2,2,2,2,2,2,2,2,2,2,2,2,2,2,1,,,1,,,,1,25,1,2,,0,,,0,1,0,2,0,40,30,20,20,10,0,0,1,2,1,2,1,4,60,30,10,50,40,10,40,30,30,30,50,20,10,30,60
23/08/2021 10:22,23/08/2021 10:30,0,78.21.151.180,100,477,1,23/08/2021 10:30,R_2QGnSLLIFOXtVJW,,,,,51.01980591,4.203903198,anonymous,EN,60f5471d929a14e20d7ed5d8,10,10,5,1,1,1,1,2,2,2,2,2,2,2,2,2,2,2,2,2,2,2,2,1,,,1,,,,1,36,1,4,,1050,,,1,0,0,0,0,26,15,17,20,19,1,1,1,1,1,1,1,4,,,,,,,,,,,,,,,
23/08/2021 10:27,23/08/2021 10:30,0,81.170.61.66,100,220,1,23/08/2021 10:30,R_3HtQYPUluw0Fmt8,,,,,52.05259705,-2.717895508,anonymous,EN,61216bafedff901fdc19f2bb,10,10,5,1,1,1,1,2,2,2,2,2,2,2,2,2,2,2,2,2,2,2,2,2,0,0,,,,,,,,,,,,,,,,,,,,,,,,,,,,,,,,,,,,,,,,,,,,,
23/08/2021 10:20,23/08/2021 10:31,0,77.255.9.126,100,614,1,23/08/2021 10:31,R_9tc9uIlImOPHxbH,,,,,53.01759338,18.62019348,anonymous,EN,611e68626d167feb06b6c578,10,10,1,1,1,1,1,1,1,2,2,2,2,2,2,2,2,2,2,2,2,2,2,1,,,1,,,,4,20,1,2,,1500,,,1,0,1,0,0,70,62,50,54,70,1,1,1,1,1,1,1,1,,,,,,,,,,,,,,,
23/08/2021 10:16,23/08/2021 10:31,0,5.171.26.44,100,884,1,23/08/2021 10:31,R_1LdOaj9Io8cbrAL,,,,,43.78909302,11.2355957,anonymous,EN,61221be1d5ec57fc1f4f2b92,10,10,9,1,1,1,1,1,1,1,2,2,2,2,2,2,2,2,2,2,2,2,2,1,,,1,,,,4,23,2,5,,6000,,,0,0,0,0,1,22,25,25,30,40,0,0,0,1,0,2,2,2,40,30,30,30,40,30,30,40,30,30,30,40,5,5,90
23/08/2021 10:21,23/08/2021 10:31,0,81.34.106.76,100,627,1,23/08/2021 10:31,R_10Mme5yUZrGd1xS,,,,,40.73869324,-3.608596802,anonymous,EN,6106fcd4973143979413dc02,12,8,7,1,1,1,1,1,1,1,1,1,1,1,2,2,2,2,2,2,2,2,2,1,,,1,,,,4,20,1,3,,0,,,0,1,2,1,2,30,70,80,80,100,0,0,1,1,2,2,2,4,20,40,40,40,20,40,40,40,20,20,20,60,100,0,0
23/08/2021 10:21,23/08/2021 10:31,0,46.174.31.173,100,609,1,23/08/2021 10:31,R_2sfYNl1l11SdfLX,,,,,49.56190491,22.20019531,anonymous,EN,6102b285f9a885c5e5f7d423,10,10,5,1,1,1,1,1,1,1,1,1,2,2,2,2,2,2,2,2,2,2,2,1,,,1,,,,6,25,2,5,,300,,,0,0,0,0,0,23,20,17,21,25,0,1,2,2,0,2,1,3,40,50,10,20,40,40,30,30,40,40,40,20,0,40,60
23/08/2021 10:20,23/08/2021 10:31,0,5.50.156.104,100,666,1,23/08/2021 10:31,R_r3B7wcazcfjIGdP,,,,,44.84120178,-0.580596924,anonymous,EN,61115cf4933a91720a02283b,11,9,2,1,1,1,2,2,2,2,2,2,2,2,2,2,2,2,2,2,2,2,2,1,,,1,,,,4,19,2,4,,208,,,0,1,1,1,0,21,22,21,22,21,1,0,1,1,1,1,1,3,,,,,,,,,,,,,,,
23/08/2021 10:23,23/08/2021 10:31,0,82.29.235.117,100,469,1,23/08/2021 10:31,R_28IYoKwm3WW6AK7,,,,,53.41279602,-2.164398193,anonymous,EN,5eecbc07cb44f707a4c1b108,15,5,4,1,1,1,1,1,1,1,1,1,1,1,1,1,1,2,2,2,2,2,2,1,,,1,,,,3,21,2,4,,0,,,1,0,0,0,1,50,50,30,30,50,1,0,1,1,1,1,1,5,,,,,,,,,,,,,,,
23/08/2021 10:21,23/08/2021 10:32,0,80.145.125.132,100,663,1,23/08/2021 10:32,R_1pQZDejUn2tDvsB,,,,,51.2532959,6.987594604,anonymous,EN,611fac6addde70a66b862326,10,10,5,1,1,1,1,1,2,2,2,2,2,2,2,2,2,2,2,2,2,2,2,1,,,1,,,,4,22,2,3,,1535,,,0,0,0,0,0,4,7,10,5,3,0,0,0,0,1,2,1,2,30,30,40,20,30,50,20,30,50,20,30,50,20,20,60
23/08/2021 10:16,23/08/2021 10:32,0,37.228.201.203,100,961,1,23/08/2021 10:32,R_so0YpKe0RLA4HWV,,,,,53.3381958,-6.259094238,anonymous,EN,6105b7706da76e86e6149fd5,12,8,2,1,1,1,1,2,2,2,2,2,2,2,2,2,2,2,2,2,2,2,2,1,,,1,,,,6,23,2,5,,1004,,,0,1,0,0,0,50,50,34,40,50,1,0,1,1,1,1,1,4,,,,,,,,,,,,,,,
23/08/2021 10:12,23/08/2021 10:32,0,102.249.0.248,100,1217,1,23/08/2021 10:32,R_qzpaWt79SwwXCnv,,,,,-29.85560608,31.04490662,anonymous,EN,611b78b6886b6f547c517dba,10,10,5,1,1,1,1,1,1,1,1,1,2,2,2,2,2,2,2,2,2,2,2,1,,,1,,,,9,42,2,5,,1938,,,1,0,0,0,0,12,15,13,12,13,1,0,1,1,1,1,1,4,,,,,,,,,,,,,,,
23/08/2021 10:24,23/08/2021 10:32,0,77.38.77.174,100,491,1,23/08/2021 10:32,R_1NEN2Kjw3d78OCR,,,,,46.51280212,15.08250427,anonymous,EN,61100e3ce245f7ad22819de0,10,10,5,2,2,2,2,2,2,2,2,2,2,2,2,2,2,2,2,2,2,2,2,1,,,1,,,,5,18,2,1,,0,,,0,0,0,0,0,25,25,10,15,10,1,1,1,1,1,1,1,1,,,,,,,,,,,,,,,
23/08/2021 10:19,23/08/2021 10:32,0,84.70.198.250,100,758,1,23/08/2021 10:32,R_1IAu0MWUN1mWyf2,,,,,53.50120544,-2.411193848,anonymous,EN,6122a449f3c5e1c72c0a7878,10,10,10,2,2,2,2,2,2,2,2,2,2,2,2,2,2,2,2,2,2,2,2,0,1,,1,,,,3,23,2,4,,1846,,,0,1,0,0,0,6,17,20,20,20,0,1,2,1,0,2,2,4,80,15,5,60,20,20,50,25,25,30,35,35,50,40,10
23/08/2021 10:18,23/08/2021 10:33,0,178.139.238.79,100,910,1,23/08/2021 10:33,R_2BnDnwu7ndImhWL,,,,,40.41720581,-3.684005737,anonymous,EN,6116b29cb475bfac4d4dd037,12,8,2,1,1,1,1,1,1,1,1,2,2,2,2,2,2,2,2,2,2,2,2,1,,,1,,,,8,18,2,2,,0,,,0,0,1,0,0,1,25,44,36,40,0,0,1,1,2,1,2,3,50,30,20,50,10,40,50,10,40,30,40,30,40,30,30
23/08/2021 10:14,23/08/2021 10:33,0,90.147.23.93,100,1160,1,23/08/2021 10:33,R_2sbbihbYcyfgk4P,,,,,43.84700012,10.50180054,anonymous,EN,5ef896a08b95745ef94ead37,11,9,7,1,1,1,1,1,1,2,2,2,2,2,2,2,2,2,2,2,2,2,2,1,,,1,,,,3,28,2,5,,1133,,,0,1,0,0,0,50,55,50,50,50,0,1,0,2,0,0,1,2,5,90,5,5,90,5,5,90,5,5,90,5,5,90,5
23/08/2021 10:27,23/08/2021 10:34,0,102.250.5.24,100,417,1,23/08/2021 10:34,R_2rkdYDQz1WR9CdP,,,,,-25.75990295,28.26040649,anonymous,EN,611e480c5772542ccce1a22f,10,10,8,2,2,2,2,2,2,2,2,2,2,2,2,2,2,2,2,2,2,2,2,0,0,0,,,,,,,,,,,,,,,,,,,,,,,,,,,,,,,,,,,,,,,,,,,,,
23/08/2021 10:25,23/08/2021 10:35,0,62.40.67.30,100,545,1,23/08/2021 10:35,R_2vYtu5ZrNWmuj03,,,,,50.28819275,19.01400757,anonymous,EN,611bbb6d3c2df7826cf6316a,8,12,8,1,1,1,1,1,1,1,1,1,2,2,2,2,2,2,2,2,2,2,2,1,,,1,,,,7,26,1,5,,819,,,0,0,0,0,1,25,25,30,50,50,0,0,2,0,0,0,2,3,0,50,50,0,50,50,0,50,50,0,50,50,0,50,50
23/08/2021 10:16,23/08/2021 10:35,0,41.198.132.102,100,1148,1,23/08/2021 10:35,R_1hxMFvDtZrugLLU,,,,,-26.38110352,27.83760071,anonymous,EN,611ce5cabdfc1c56bcc4d0ff,10,10,10,1,1,1,1,1,1,1,1,1,2,2,2,2,2,2,2,2,2,2,2,1,,,1,,,,1,20,2,4,,1512,,,0,1,0,0,1,1,20,10,10,20,1,1,1,1,1,1,1,3,,,,,,,,,,,,,,,
23/08/2021 10:17,23/08/2021 10:35,0,156.155.45.169,100,1052,1,23/08/2021 10:35,R_12fnZqyqZvZQCOR,,,,,-26.229599,28.12719727,anonymous,EN,60fa76af84459d622d86819e,15,5,2,1,2,2,2,2,2,2,2,2,2,2,2,2,2,2,2,2,2,2,2,1,,,1,,,,2,26,2,4,,4455,,,0,0,0,0,1,10,13,11,20,20,1,1,1,1,1,1,1,4,,,,,,,,,,,,,,,
23/08/2021 10:24,23/08/2021 10:35,0,197.185.106.168,100,667,1,23/08/2021 10:35,R_pRfQ97yjxgnWpDX,,,,,-26.38110352,27.83760071,anonymous,EN,611d3338dded94720af062c7,15,5,5,1,2,2,1,1,1,2,2,2,2,2,2,2,2,2,2,2,2,2,2,1,,,1,,,,6,25,2,4,,1284,,,0,1,1,2,0,10,11,17,11,11,0,1,0,2,2,2,0,1,100,0,0,0,100,0,0,100,0,100,0,0,100,0,0
23/08/2021 10:27,23/08/2021 10:35,0,188.26.199.39,100,501,1,23/08/2021 10:35,R_C799jdAJf5ePLbz,,,,,40.42289734,-3.691604614,anonymous,EN,60fd4662d7e9142ecae976f4,5,15,1,1,1,2,1,2,1,1,2,1,2,1,1,1,2,2,1,2,1,2,1,0,0,0,,,,,,,,,,,,,,,,,,,,,,,,,,,,,,,,,,,,,,,,,,,,,
23/08/2021 10:24,23/08/2021 10:35,0,194.14.30.249,100,709,1,23/08/2021 10:35,R_XIpcHykwC1JLiTv,,,,,56.87460327,14.81239319,anonymous,EN,611382777b6f78a2dd7537ea,10,10,5,2,2,2,2,2,2,2,2,2,2,2,2,2,2,2,2,2,2,2,2,1,,,1,,,,5,45,1,4,,3035,,,0,0,0,0,0,20,20,20,20,20,1,0,1,1,1,1,1,5,,,,,,,,,,,,,,,
23/08/2021 10:22,23/08/2021 10:36,0,188.47.52.207,100,851,1,23/08/2021 10:36,R_3GfRHZGYS94Qm8g,,,,,53.01759338,18.62019348,anonymous,EN,61226282383c9553aa4c3e11,10,10,10,1,1,1,1,1,1,1,2,1,1,2,2,2,2,1,1,1,2,2,2,1,,,0,0,0,1,5,20,3,2,,12,,,0,0,2,0,2,20,20,60,51,67,0,1,1,0,2,0,2,3,35,50,15,25,60,15,60,30,10,30,50,20,80,15,5
23/08/2021 10:25,23/08/2021 10:36,0,110.144.134.25,100,670,1,23/08/2021 10:36,R_1qecwYBsZVEYied,,,,,-37.79949951,144.9504089,anonymous,EN,6120a405c4dc2c8ef1c634cd,8,12,8,1,1,1,1,1,2,2,2,2,2,2,2,2,2,2,2,2,2,2,2,1,,,1,,,,1,20,2,6,tafe certificate III,0,,,1,0,0,1,1,70,43,40,41,50,1,1,1,1,1,1,1,5,,,,,,,,,,,,,,,
23/08/2021 10:26,23/08/2021 10:36,0,94.134.229.43,100,612,1,23/08/2021 10:36,R_2YnxoVMtULmNxQL,,,,,54.32730103,10.12339783,anonymous,EN,611ac84ec3f047ebad425aba,10,10,5,1,2,2,2,2,2,2,2,2,2,2,2,2,2,2,2,2,2,2,2,1,,,1,,,,4,26,2,4,,877,,,0,0,1,0,0,20,9,10,10,11,0,0,0,2,2,2,0,2,33,33,34,0,50,50,0,0,100,50,50,0,0,100,0
23/08/2021 10:12,23/08/2021 10:37,0,197.229.139.212,100,1496,1,23/08/2021 10:37,R_3iz1beQ6BVNjbiM,,,,,-26.18330383,28.31669617,anonymous,EN,611cf49d657de8e65e86f244,10,10,5,2,2,2,2,2,2,2,2,2,2,2,2,2,2,2,2,2,2,2,2,0,1,,1,,,,6,30,2,3,,231,,,0,0,0,0,0,40,20,10,40,50,0,1,1,1,1,0,1,5,10,30,60,10,30,60,10,30,60,10,30,60,10,30,60
23/08/2021 10:24,23/08/2021 10:37,0,95.238.106.159,100,755,1,23/08/2021 10:37,R_2dtG3eW71A5bJ21,,,,,37.57000732,15.0480957,anonymous,EN,61171fa47c0b439f2b8926f4,12,8,5,1,1,1,2,2,2,2,2,2,2,2,2,2,2,2,2,2,2,2,2,1,,,1,,,,4,22,2,4,,1985,,,0,1,0,1,0,50,50,55,55,55,0,1,0,1,0,2,0,2,0,75,25,10,55,35,0,45,55,20,50,30,10,50,40
23/08/2021 10:20,23/08/2021 10:37,0,165.255.10.173,100,1025,1,23/08/2021 10:37,R_2TFawyrtTUTkEoi,,,,,-34.04859924,18.48109436,anonymous,EN,610d20ea30a50e7a37f45f89,10,10,15,1,1,1,1,1,1,1,1,1,1,1,1,1,1,1,1,1,2,2,2,2,0,0,,,,,,,,,,,,,,,,,,,,,,,,,,,,,,,,,,,,,,,,,,,,,
23/08/2021 10:26,23/08/2021 10:37,0,81.159.123.31,100,655,1,23/08/2021 10:37,R_3e8nM7a06nWWrdA,,,,,52.0617981,1.156005859,anonymous,EN,6122aa68922140e22179d771,15,5,3,1,2,1,2,2,2,2,2,2,2,2,2,2,2,2,2,2,2,2,2,1,,,0,0,1,,7,26,2,2,,1549,,,0,0,1,1,1,22,28,24,30,30,0,1,1,2,1,2,2,5,10,45,45,10,40,50,10,20,70,20,40,40,5,40,55
23/08/2021 10:21,23/08/2021 10:37,0,31.159.2.139,100,1013,1,23/08/2021 10:37,R_2ZOedEZUdcziANm,,,,,45.47219849,9.192199707,anonymous,EN,5efef75c2da8b4410db86037,10,10,5,1,1,1,1,1,1,1,1,1,2,2,2,2,2,2,2,2,2,2,2,0,1,,1,,,,5,28,2,5,,1142,,,0,1,0,0,0,100,76,56,67,78,0,1,0,1,0,1,0,3,30,30,40,20,30,50,10,30,60,50,40,10,25,35,40
23/08/2021 10:22,23/08/2021 10:38,0,197.185.101.108,100,954,1,23/08/2021 10:38,R_1Io2Pz6EFlbzsCx,,,,,-26.38110352,27.83760071,anonymous,EN,611dfc32d93d8474b35ca80f,11,9,8,2,2,2,2,2,2,2,2,2,2,2,2,2,2,2,2,2,2,2,1,1,,,1,,,,3,21,1,3,,35,,,1,2,1,0,1,56,50,56,63,60,0,1,2,2,1,0,2,1,60,20,20,20,50,30,0,20,80,4,50,46,50,25,25
23/08/2021 10:23,23/08/2021 10:38,0,187.161.10.41,100,892,1,23/08/2021 10:38,R_es5wACbTikcb9Tj,,,,,25.79299927,-100.2529984,anonymous,EN,611c64adaf7a503e961833f9,16,4,5,2,2,2,2,2,2,2,1,1,1,1,1,1,1,1,1,1,1,1,1,1,,,1,,,,4,23,1,5,,1512,,,1,0,0,0,1,31,58,32,40,40,0,0,2,1,0,2,1,4,10,90,0,0,0,100,0,50,50,50,50,0,75,25,0
23/08/2021 10:28,23/08/2021 10:38,0,151.46.22.158,100,591,1,23/08/2021 10:38,R_6RVO31nq5sZwsH7,,,,,45.47219849,9.192199707,anonymous,EN,5e5433d9df56cd437a00a570,10,10,8,1,1,1,1,1,1,1,1,1,1,1,1,1,1,1,1,1,2,2,2,1,,,1,,,,6,26,2,5,,208,,,0,1,0,1,1,25,27,20,22,20,1,0,1,1,1,1,1,5,,,,,,,,,,,,,,,
23/08/2021 10:25,23/08/2021 10:38,0,95.175.1.233,100,744,1,23/08/2021 10:38,R_SV1AN8KFAXLwjBv,,,,,51.79370117,19.46910095,anonymous,EN,5f51057c9d2d4c2bc985f6ff,15,5,1,1,1,1,1,1,2,2,2,2,2,2,2,2,2,2,2,2,2,2,2,1,,,1,,,,9,28,2,3,,704,,,1,0,0,1,1,35,40,45,37,50,1,0,1,1,1,1,1,1,,,,,,,,,,,,,,,
23/08/2021 10:11,23/08/2021 10:38,0,197.185.102.157,100,1611,1,23/08/2021 10:38,R_Y5GyETbjevc3xcZ,,,,,-26.38110352,27.83760071,anonymous,EN,611aa444a61b5a7aa4cbfe40,10,10,7,2,2,2,2,2,2,2,2,2,2,2,2,2,2,2,2,2,2,2,2,0,1,,0,1,,,2,33,1,3,,463,,,1,1,1,1,1,100,100,51,53,36,1,1,1,1,1,1,1,4,,,,,,,,,,,,,,,
23/08/2021 10:16,23/08/2021 10:38,0,41.13.70.209,100,1335,1,23/08/2021 10:38,R_qErauEnq8mL5Zip,,,,,-25.75990295,28.26040649,anonymous,EN,611e4c591a8226100b2fc980,12,8,7,1,1,1,1,1,1,1,1,1,2,1,1,1,1,1,1,1,1,1,1,1,,,1,,,,5,27,1,2,,1000,,,0,1,1,1,0,50,50,50,50,50,1,0,1,1,1,1,1,5,,,,,,,,,,,,,,,
23/08/2021 10:19,23/08/2021 10:39,0,196.30.2.121,100,1142,1,23/08/2021 10:39,R_cBazRnayAOusCFH,,,,,-28.31390381,23.06230164,anonymous,EN,611ce820f757a4325d0ddd9d,19,1,1,1,1,1,1,1,1,1,1,1,2,2,2,2,2,2,2,2,2,2,2,1,,,1,,,,1,27,1,4,,2100,,,0,1,0,1,1,40,40,40,40,50,1,0,1,1,1,1,1,3,,,,,,,,,,,,,,,
23/08/2021 10:26,23/08/2021 10:39,0,146.241.150.154,100,744,1,23/08/2021 10:39,R_2a8GjAJWKPZXVyV,,,,,45.8177948,8.822006226,anonymous,EN,5e5cd8b2fbbd9b49f6ed67ca,10,10,2,1,1,1,1,1,1,1,1,1,2,1,1,1,1,1,1,1,1,1,1,1,,,1,,,,2,30,2,4,,90,,,1,0,1,1,0,32,16,21,30,22,0,0,2,2,1,2,2,5,5,55,40,5,55,40,5,55,40,5,55,40,5,55,40
23/08/2021 10:22,23/08/2021 10:39,0,105.225.84.13,100,1046,1,23/08/2021 10:39,R_1ISig1139pcKslk,,,,,-34.04859924,18.48109436,anonymous,EN,6119393dc72126829d552057,15,5,10,1,1,1,1,1,1,1,1,1,2,2,2,2,2,2,2,2,2,2,2,1,,,1,,,,5,56,2,1,,1004,,,0,2,0,2,2,100,100,100,100,100,0,0,0,2,0,2,2,2,0,30,70,0,10,90,100,0,0,100,0,0,100,0,0
23/08/2021 10:26,23/08/2021 10:39,0,137.25.49.59,100,779,1,23/08/2021 10:39,R_3D6j83zd2xlR5iu,,,,,34.08990479,-118.0870972,anonymous,EN,6123437590813a40d1fad393,11,9,1,1,1,1,1,1,1,1,1,1,2,2,2,2,2,2,2,2,2,2,2,2,0,1,0,0,1,,5,19,2,2,,400,,,1,0,0,1,0,73,40,51,40,50,1,1,1,1,1,1,1,5,,,,,,,,,,,,,,,
23/08/2021 10:30,23/08/2021 10:40,0,77.167.102.18,100,605,1,23/08/2021 10:40,R_3gSGCEKi6RtVZNG,,,,,52.07479858,4.85949707,anonymous,EN,6112d16374bf1eb9dac2bc62,15,5,2,1,1,1,1,1,2,2,2,2,2,2,2,2,2,2,2,2,2,2,2,1,,,1,,,,3,20,2,3,,842,,,0,0,0,1,0,15,23,26,30,23,1,0,1,1,1,1,1,3,,,,,,,,,,,,,,,
23/08/2021 10:29,23/08/2021 10:40,0,93.56.165.220,100,642,1,23/08/2021 10:40,R_1QEm8v3Z2aGYSZO,,,,,45.64680481,9.131393433,anonymous,EN,601d305ac33dab01e1e7282b,10,10,5,1,1,1,1,1,1,1,1,1,2,2,2,2,2,2,2,2,2,2,2,1,,,1,,,,6,26,2,5,,1004,,,0,0,0,1,0,25,25,25,25,25,0,0,0,0,2,2,0,1,75,25,0,75,25,0,75,25,0,75,25,0,75,25,0
23/08/2021 10:29,23/08/2021 10:40,0,41.57.30.153,100,657,1,23/08/2021 10:40,R_1Kxcqf4MPVJy9q4,,,,,-26.24769592,28.40370178,anonymous,EN,6114f8495e3988e2234dbbc9,10,10,5,1,1,1,2,2,2,2,2,2,2,2,2,2,2,2,2,2,2,2,2,0,1,,0,0,0,0,,,,,,,,,,,,,,,,,,,,,,,,,,,,,,,,,,,,,,,,,
23/08/2021 10:22,23/08/2021 10:40,0,2.85.20.75,100,1101,1,23/08/2021 10:40,R_2tePbXUywWTQanv,,,,,40.80310059,22.04350281,anonymous,EN,6110dd63cb686443f559e99d,10,10,3,1,1,1,1,2,2,2,2,2,2,2,2,2,2,2,2,2,2,2,2,1,,,1,,,,5,19,2,3,,10,,,1,0,0,0,0,63,40,50,50,50,1,1,1,1,1,1,1,5,,,,,,,,,,,,,,,
23/08/2021 10:30,23/08/2021 10:41,0,151.229.39.209,100,633,1,23/08/2021 10:41,R_aeG5Vv7rGzXK46d,,,,,54.25190735,-0.470901489,anonymous,EN,603d2c959649cfb500c63424,10,10,7,1,1,1,1,1,1,1,1,2,2,2,2,2,2,2,2,2,2,2,2,1,,,1,,,,3,20,2,3,,354,,,0,1,1,1,2,30,30,44,48,100,0,1,1,2,1,2,2,4,25,25,50,25,25,50,25,25,50,25,25,50,50,25,25
23/08/2021 10:27,23/08/2021 10:42,0,47.72.240.35,100,881,1,23/08/2021 10:42,R_2TuSi3x0wbolJ6z,,,,,-36.8506012,174.7679138,anonymous,EN,606bcae5547422187c8fb483,15,5,5,1,1,1,1,1,2,2,2,2,2,2,2,2,2,2,2,2,2,2,2,1,,,1,,,,7,20,1,4,,3012,,,0,0,0,0,1,48,40,40,40,40,1,0,1,1,1,1,1,3,,,,,,,,,,,,,,,
23/08/2021 10:27,23/08/2021 10:42,0,41.115.18.145,100,872,1,23/08/2021 10:42,R_DkpG8jm9jz81sM9,,,,,-29.85560608,31.04490662,anonymous,EN,611d0c01c27f0d7a70c3e401,10,10,5,2,2,2,2,2,2,2,2,2,2,2,2,2,2,2,2,2,2,2,2,1,,,1,,,,9,27,2,4,,554,,,0,0,0,0,0,10,5,7,12,5,1,1,1,1,1,1,1,5,,,,,,,,,,,,,,,
23/08/2021 10:29,23/08/2021 10:42,0,105.245.106.76,100,760,1,23/08/2021 10:42,R_1LtFTAb4rQ40IVN,,,,,-25.75990295,28.26040649,anonymous,EN,611968f5cef3c1cee6e49d14,15,5,1,1,1,2,2,2,2,2,2,2,2,2,2,2,2,1,1,1,1,1,1,1,,,1,,,,5,39,2,2,,1000,,,0,0,1,0,0,22,23,30,22,20,1,0,1,1,1,1,1,3,,,,,,,,,,,,,,,
23/08/2021 10:23,23/08/2021 10:42,0,102.249.4.81,100,1128,1,23/08/2021 10:42,R_1oBhiMi6Eu6WJMj,,,,,-29.85560608,31.04490662,anonymous,EN,61220b0d0fa9bab005d0972f,15,5,5,2,2,2,2,2,2,2,2,2,2,2,2,2,2,2,2,2,2,2,2,1,,,1,,,,3,27,2,2,,906,,,0,0,0,1,1,28,27,37,50,100,0,0,1,1,2,2,1,1,0,50,50,50,50,0,100,0,0,100,0,0,100,0,0
23/08/2021 10:31,23/08/2021 10:42,0,197.185.106.233,100,657,1,23/08/2021 10:42,R_Zk5ex7w1bcEZrvH,,,,,-26.38110352,27.83760071,anonymous,EN,611fdf5d676560a08df3a9cc,15,5,1,2,2,2,2,2,2,2,2,2,2,2,2,2,2,2,2,2,2,2,2,1,,,1,,,,9,19,2,2,,189,,,0,0,0,0,0,24,27,31,32,44,0,1,1,2,1,1,2,2,25,25,50,25,25,50,25,25,50,25,50,25,25,50,25
23/08/2021 10:25,23/08/2021 10:42,0,197.245.214.199,100,1028,1,23/08/2021 10:42,R_2AXcIMI8m3Drj41,,,,,-26.38110352,27.83760071,anonymous,EN,611cb8e72d1aff4c73eb52b1,12,8,8,1,1,1,1,1,1,1,1,1,1,1,2,2,2,2,2,2,2,2,2,1,,,1,,,,5,34,1,3,,400,,,0,0,0,0,0,10,5,2,2,1,1,1,1,1,1,1,1,4,,,,,,,,,,,,,,,
23/08/2021 10:20,23/08/2021 10:43,0,102.252.67.218,100,1402,1,23/08/2021 10:43,R_3itoMlgITDdLf7G,,,,,-25.75990295,28.26040649,anonymous,EN,6116b3de1429989549573c62,15,5,1,1,1,1,1,1,1,1,1,1,2,2,2,2,2,2,2,2,2,2,2,1,,,1,,,,6,26,1,6,National Diploma ,50,,,0,0,0,0,0,20,10,10,10,5,0,0,0,1,1,2,2,5,30,40,30,60,30,10,5,15,80,20,70,10,10,20,70
23/08/2021 10:31,23/08/2021 10:43,0,81.2.135.114,100,752,1,23/08/2021 10:43,R_2dv9TaNgARaWPx3,,,,,42.959198,13.49209595,anonymous,EN,611baca695f1611d79dad4ee,10,10,5,1,1,1,1,1,1,1,1,1,2,2,2,2,2,2,2,2,2,2,2,1,,,1,,,,5,31,2,5,,1820,,,1,1,1,0,1,50,40,35,31,34,1,1,1,1,1,1,1,5,,,,,,,,,,,,,,,
23/08/2021 10:25,23/08/2021 10:43,0,98.10.173.8,100,1107,1,23/08/2021 10:43,R_2Ec7Kz9vv8DmWvE,,,,,42.9967041,-78.19689941,anonymous,EN,6120e4e6a90d6a29c3667637,12,8,9,1,1,1,1,2,2,2,2,2,1,2,2,1,1,2,2,2,1,2,1,0,0,1,0,0,1,,3,31,1,5,,201,,,0,2,0,0,1,100,100,100,100,100,0,1,0,2,0,0,1,4,80,10,10,80,10,10,80,10,10,50,40,10,80,5,15
23/08/2021 10:27,23/08/2021 10:43,0,102.252.64.254,100,977,1,23/08/2021 10:43,R_3ekswjIvgDKbwEh,,,,,-25.87750244,28.16799927,anonymous,EN,611cdab90a9353b9ca72ae2b,11,9,1,1,2,2,2,2,2,2,2,2,2,2,2,2,2,2,2,2,2,2,2,0,1,,2,0,1,,9,20,2,4,,1500,,,1,2,0,1,2,100,100,100,100,100,0,1,1,2,0,1,2,5,70,10,20,100,0,0,100,0,0,0,50,50,70,20,10
23/08/2021 10:27,23/08/2021 10:43,0,187.189.34.167,100,998,1,23/08/2021 10:43,R_1JLUkIXFzU6I8Zp,,,,,32.52029419,-116.703598,anonymous,EN,610908122a3bfb4b622ca59d,10,10,8,1,1,1,1,2,2,2,2,2,2,2,2,2,2,2,2,2,2,2,2,1,,,1,,,,3,25,2,4,,265,,,0,0,0,0,1,20,25,30,35,35,1,1,1,1,1,1,1,5,,,,,,,,,,,,,,,
23/08/2021 10:31,23/08/2021 10:44,0,90.191.165.159,100,741,1,23/08/2021 10:44,R_3E5oxIVsT1KhEk1,,,,,58.3690033,26.74659729,anonymous,EN,6109930c29dab07d4a539cec,15,5,7,1,1,1,1,1,1,1,1,1,1,1,1,1,1,1,1,1,1,2,2,1,,,1,,,,4,20,2,2,,1000,,,1,1,1,1,1,83,100,100,100,49,1,1,1,1,1,1,1,1,,,,,,,,,,,,,,,
23/08/2021 10:28,23/08/2021 10:44,0,102.182.186.84,100,981,1,23/08/2021 10:44,R_3PdEOewqKsTFzCt,,,,,-34.04859924,18.48109436,anonymous,EN,611ec49716b95cd9e2e981b4,10,10,10,1,1,1,1,1,1,1,1,1,1,2,2,2,2,2,2,2,2,2,2,1,,,1,,,,6,28,2,4,,0,,,1,0,0,1,1,52,27,37,40,50,0,1,2,0,1,2,1,5,0,0,100,100,0,0,0,100,0,100,0,0,0,100,0
23/08/2021 10:25,23/08/2021 10:45,0,41.162.184.90,100,1197,1,23/08/2021 10:45,R_2Emh8CL6flAkP2L,,,,,-28.73320007,24.76600647,anonymous,EN,60f5505f7bd1cf9a1b57f3c8,10,10,5,1,2,2,2,2,2,2,2,1,2,2,2,2,2,2,2,2,2,2,2,1,,,1,,,,9,27,1,2,,208,,,0,0,1,1,0,50,50,70,49,20,1,0,1,1,1,1,1,2,,,,,,,,,,,,,,,
23/08/2021 10:26,23/08/2021 10:46,0,78.45.188.152,100,1146,1,23/08/2021 10:46,R_2ah47o6d0PorEKm,,,,,50.77220154,14.95559692,anonymous,EN,61200d0d71bd5c0f9f9716b2,13,7,5,1,1,1,1,1,1,1,1,2,2,2,2,2,2,2,2,2,2,2,2,1,,,1,,,,2,22,2,2,,150,,,0,0,0,1,1,24,28,28,50,36,0,1,1,2,1,1,1,1,15,60,25,10,40,50,20,50,30,20,40,40,30,40,30
23/08/2021 10:38,23/08/2021 10:46,0,41.116.57.31,100,479,1,23/08/2021 10:46,R_OGW9eqaxYikDHqN,,,,,-26.21980286,28.25100708,anonymous,EN,611e5af17471f998568b95e7,10,10,9,1,1,1,1,1,1,1,1,1,1,1,1,1,1,1,1,1,1,1,1,1,,,1,,,,9,30,1,1,,127,,,0,0,0,0,0,20,20,20,10,11,1,0,1,1,1,1,1,4,,,,,,,,,,,,,,,
23/08/2021 10:28,23/08/2021 10:46,0,154.117.151.246,100,1106,1,23/08/2021 10:46,R_u9CQVtiVEs8Olln,,,,,-26.38110352,27.83760071,anonymous,EN,611d0787fc09197d5c5034c2,5,15,4,1,1,1,1,1,1,1,1,1,2,2,2,2,2,2,2,2,2,2,2,1,,,1,,,,9,31,2,3,,1004,,,1,0,0,1,0,40,20,30,32,20,1,0,1,1,1,1,1,3,,,,,,,,,,,,,,,
23/08/2021 10:30,23/08/2021 10:46,0,196.24.179.252,100,950,1,23/08/2021 10:46,R_2xJA4mdkKqjaTdC,,,,,-33.91400146,18.41290283,anonymous,EN,612215e14a4f353709366aa7,10,10,5,1,1,1,1,1,1,1,1,1,2,2,2,2,2,2,2,2,2,2,2,1,,,1,,,,3,22,1,2,,3,,,0,0,1,0,0,40,21,24,27,15,1,0,1,1,1,1,1,5,,,,,,,,,,,,,,,
23/08/2021 10:27,23/08/2021 10:47,0,41.193.197.222,100,1167,1,23/08/2021 10:47,R_Z9nZpm5mWJhnBM5,,,,,-26.38110352,27.83760071,anonymous,EN,611e1bac28653d31c3517475,12,8,5,1,1,1,1,1,1,1,1,1,2,2,2,2,2,2,2,2,2,2,2,1,,,1,,,,1,26,2,4,,1200,,,1,0,0,0,0,50,41,10,11,10,1,1,1,1,1,1,1,3,,,,,,,,,,,,,,,
23/08/2021 10:27,23/08/2021 10:49,0,197.185.111.31,100,1322,1,23/08/2021 10:49,R_3Pv29G0vPVqrZEL,,,,,-33.91400146,18.41290283,anonymous,EN,6121b4bb87295774c0275445,11,9,5,1,1,2,2,2,2,2,2,2,2,2,2,2,2,2,2,2,2,2,2,1,,,1,,,,9,26,2,4,,901,,,1,1,1,0,0,99,100,100,51,59,1,0,1,1,1,1,1,5,,,,,,,,,,,,,,,
23/08/2021 10:31,23/08/2021 10:49,0,197.185.109.240,100,1098,1,23/08/2021 10:49,R_dbdvRbhArvlxDb3,,,,,-26.38110352,27.83760071,anonymous,EN,611e19ad39b4ce55ce51f5d0,10,10,10,2,2,2,2,2,2,2,2,2,2,2,2,2,2,2,2,2,2,2,2,1,,,1,,,,1,23,2,6,completing degree,115,,,0,0,1,0,1,13,20,36,24,10,0,0,1,0,2,1,2,5,50,25,25,50,25,25,50,25,25,50,25,25,50,25,25
23/08/2021 10:29,23/08/2021 10:49,0,102.164.0.134,100,1228,1,23/08/2021 10:49,R_2aVaAbfhVePAOes,,,,,-23.8500061,29.38000488,anonymous,EN,611e290856dff8af23edee21,10,10,9,1,1,1,1,1,1,1,1,2,2,2,2,2,2,2,2,2,2,2,2,1,,,1,,,,5,25,2,3,,773,,,2,0,2,1,1,92,100,100,100,100,0,0,2,0,2,1,1,5,100,0,0,100,0,0,100,0,0,100,0,0,100,0,0
23/08/2021 10:27,23/08/2021 10:49,0,92.187.79.204,100,1326,1,23/08/2021 10:49,R_1FeSqkC92nLBxdg,,,,,39.49229431,-0.404602051,anonymous,EN,61234c5cc0d68da65e3a204c,10,10,1,1,1,1,1,1,1,1,1,1,1,1,2,2,2,2,2,2,2,2,2,1,,,1,,,,9,30,1,3,,773,,,2,1,2,0,0,43,51,53,57,20,0,1,2,2,2,2,0,3,35,45,20,10,40,50,0,25,75,0,0,100,0,0,100
23/08/2021 10:29,23/08/2021 10:50,0,173.246.250.11,100,1207,1,23/08/2021 10:50,R_2XcUbpklbq0Ve2W,,,,,41.91749573,-77.52780151,anonymous,EN,611fe6040572098359e25ba5,10,10,5,1,2,2,2,2,2,2,2,2,2,2,2,2,2,2,2,2,2,2,2,1,,,1,,,,6,29,1,4,,5663,,,0,0,0,0,0,36,36,37,37,32,1,0,1,1,1,1,1,1,,,,,,,,,,,,,,,
23/08/2021 10:27,23/08/2021 10:50,0,41.144.92.37,100,1359,1,23/08/2021 10:50,R_2ZOD9hXLiX6LUZh,,,,,-26.38110352,27.83760071,anonymous,EN,6120c3feb93314dd2b5732d9,10,10,10,1,1,1,1,1,1,1,1,1,2,2,2,2,2,2,2,2,2,2,2,1,,,1,,,,4,20,2,2,,50,,,1,0,0,1,0,40,52,50,47,50,0,0,1,0,0,1,2,2,40,40,20,50,30,20,50,30,20,60,30,10,80,10,10
23/08/2021 10:25,23/08/2021 10:50,0,41.198.130.242,100,1521,1,23/08/2021 10:50,R_5mODE0yJ6yPb4Ix,,,,,-25.75990295,28.26040649,anonymous,EN,611eab5a67e85c8673a5aa81,10,10,5,1,1,1,1,1,2,2,2,2,2,2,2,2,2,2,2,2,2,2,2,1,,,1,,,,6,24,2,4,,704,,,1,1,1,1,0,50,52,50,52,50,1,1,1,1,1,1,1,4,,,,,,,,,,,,,,,
23/08/2021 10:35,23/08/2021 10:50,0,41.114.109.35,100,907,1,23/08/2021 10:50,R_2tkYrHtzWf8nypc,,,,,-25.75990295,28.26040649,anonymous,EN,611d54871a6c2c18de06cf48,10,10,10,1,1,1,1,1,1,1,1,1,2,2,2,2,2,2,2,2,2,2,2,1,,,1,,,,9,24,2,4,,1569,,,1,1,1,1,0,50,50,50,50,50,0,1,2,2,1,2,1,3,50,50,0,25,50,25,0,0,100,0,100,0,100,0,0
23/08/2021 10:19,23/08/2021 10:50,0,102.249.4.218,100,1895,1,23/08/2021 10:50,R_3QWZLRODM9kX6q3,,,,,-29.85560608,31.04490662,anonymous,EN,611e432a3b614b741453f2e3,8,12,5,1,2,2,2,2,2,2,2,2,2,2,2,2,2,2,2,2,2,2,2,1,,,1,,,,9,32,1,4,,241,,,2,2,2,1,1,50,70,80,76,78,0,0,2,2,2,1,1,4,70,10,20,100,0,0,90,5,5,30,20,50,0,50,50
23/08/2021 10:31,23/08/2021 10:51,0,102.39.173.184,100,1154,1,23/08/2021 10:51,R_3ix9Pg8DVMvvi0m,,,,,-25.75990295,28.26040649,anonymous,EN,611d3ff10216401a9412452b,10,10,5,2,2,2,2,2,2,2,2,2,2,1,1,1,1,1,1,1,1,1,1,1,,,1,,,,5,22,1,2,,138,,,1,0,0,0,1,32,32,40,40,40,0,1,2,0,0,0,2,1,50,25,25,70,10,20,70,10,20,70,10,20,70,20,10
23/08/2021 10:26,23/08/2021 10:51,0,197.185.99.65,100,1453,1,23/08/2021 10:51,R_25LLWw5Gn9S20aS,,,,,-26.38110352,27.83760071,anonymous,EN,6121023ff032106791fdf634,10,10,5,1,1,1,1,2,1,1,2,2,2,1,1,1,1,2,2,1,2,2,2,1,,,1,,,,5,24,2,4,,127,,,1,0,0,0,0,50,20,28,28,31,1,1,1,1,1,1,1,5,,,,,,,,,,,,,,,
23/08/2021 10:32,23/08/2021 10:51,0,102.252.66.45,100,1156,1,23/08/2021 10:51,R_DbGYh55xSKzzU9b,,,,,-23.8782959,29.43260193,anonymous,EN,Ngoako Lehora ,10,10,7,2,2,2,2,2,2,2,2,2,2,1,2,2,2,2,2,2,2,2,2,1,,,1,,,,6,23,1,4,,1018,,,1,0,0,0,0,81,26,16,20,12,1,1,1,1,1,1,1,1,,,,,,,,,,,,,,,
23/08/2021 10:31,23/08/2021 10:51,0,66.8.44.130,100,1196,1,23/08/2021 10:51,R_1kTFbK2odbISIgH,,,,,-26.38110352,27.83760071,anonymous,EN,6121e8f6c12117cda0544ef0,10,10,5,1,1,1,1,1,2,2,2,2,2,2,2,2,2,2,2,2,2,2,2,1,,,1,,,,6,34,2,4,,1000,,,1,0,0,1,1,72,84,68,91,67,1,1,1,1,1,1,1,5,,,,,,,,,,,,,,,
23/08/2021 10:28,23/08/2021 10:51,0,41.144.80.219,100,1376,1,23/08/2021 10:51,R_3LcIYtulUiHgQQt,,,,,-26.38110352,27.83760071,anonymous,EN,611d42aa93e5bdbf43c77301,15,5,5,1,1,1,2,2,2,2,2,2,2,2,2,2,2,2,2,2,2,2,2,1,,,1,,,,7,25,2,4,,370,,,0,0,0,0,0,35,20,17,11,10,1,0,1,1,1,1,1,5,,,,,,,,,,,,,,,
23/08/2021 10:28,23/08/2021 10:52,0,41.163.7.84,100,1407,1,23/08/2021 10:52,R_241UcyjWIPLv36n,,,,,-25.1499939,29.38330078,anonymous,EN,611aeda1dc28cd4cf0bf2465,10,10,2,2,2,2,2,2,2,2,2,2,2,2,2,2,2,2,2,2,2,2,2,1,,,1,,,,9,24,2,2,,23,,,0,0,0,0,0,58,59,25,36,15,0,1,0,0,2,2,1,1,30,40,30,40,50,10,30,20,50,50,30,20,20,50,30
23/08/2021 10:50,23/08/2021 10:52,0,185.177.32.190,100,98,1,23/08/2021 10:52,R_erIsDBLsZJwmnWp,,,,,46.90800476,11.96150208,anonymous,EN,BENJAMIN tEST,1,19,1,2,2,2,2,2,2,2,2,2,2,2,2,2,2,2,2,2,2,2,2,1,,,1,,,,6,12,3,6,benjamin,2285,,,0,0,0,0,0,3,3,3,5,3,1,0,1,1,1,1,1,2,,,,,,,,,,,,,,,
23/08/2021 10:28,23/08/2021 10:52,0,165.16.168.203,100,1421,1,23/08/2021 10:52,R_ysTZVvH0zfFQ76h,,,,,-34.08580017,18.84150696,anonymous,EN,611d6917c3de131cf08733f4,15,5,5,1,2,2,2,2,2,2,2,2,1,1,1,1,1,1,1,1,1,1,1,2,0,1,0,0,1,,9,29,2,2,,504,,,0,1,0,0,1,53,50,80,100,100,0,1,2,2,0,0,1,2,10,40,50,60,20,20,70,20,10,100,0,0,100,0,0
23/08/2021 10:27,23/08/2021 10:53,0,41.112.66.187,100,1553,1,23/08/2021 10:53,R_2DP4whvCNx6J4IR,,,,,-26.38110352,27.83760071,anonymous,EN,611d0267ed334b8a75d2b786,11,9,9,2,2,2,2,2,2,2,2,2,2,2,2,2,2,2,2,2,2,2,2,1,,,1,,,,3,32,2,4,,1200,,,0,1,0,1,0,22,24,28,26,22,0,0,1,2,2,2,2,2,10,20,70,25,25,50,15,30,55,15,55,30,20,25,55
23/08/2021 10:22,23/08/2021 10:53,0,197.185.104.211,100,1890,1,23/08/2021 10:53,R_1NsLJw9IpPQvX5L,,,,,-26.38110352,27.83760071,anonymous,EN,61215649bd720d3e02693032,10,10,8,1,1,1,1,1,1,1,1,1,2,2,2,2,2,2,2,2,2,2,2,1,,,1,,,,2,29,2,3,,600,,,0,0,2,0,2,55,60,70,70,76,0,1,0,0,2,0,2,2,0,30,70,0,80,20,50,20,30,0,80,20,0,80,20
23/08/2021 10:14,23/08/2021 10:54,0,163.195.192.177,100,2417,1,23/08/2021 10:54,R_3LYD8kYnrXneAZ9,,,,,-25.46350098,30.96240234,anonymous,EN,611e030176c8fe4123459f5d,10,10,5,1,1,1,1,1,1,1,1,1,2,2,2,2,2,2,2,2,2,2,2,1,,,1,,,,6,27,2,4,,1085,,,0,1,1,1,1,52,50,54,50,23,1,1,1,1,1,1,1,1,,,,,,,,,,,,,,,
23/08/2021 10:20,23/08/2021 10:54,0,197.185.102.196,100,2024,1,23/08/2021 10:54,R_2rB27kmzWr8Sx8p,,,,,-26.38110352,27.83760071,anonymous,EN,61221ae4b205305678a12acd,10,10,5,2,1,1,1,1,2,2,2,2,2,2,2,2,2,2,2,2,2,2,2,1,,,1,,,,6,22,2,2,,0,,,2,0,0,2,2,100,50,62,61,100,0,1,2,0,1,2,2,2,0,30,70,0,100,0,0,50,50,0,100,0,100,0,0
23/08/2021 10:21,23/08/2021 10:55,0,197.185.97.144,100,2032,1,23/08/2021 10:55,R_32XeCBIEq9rReCF,,,,,-26.38110352,27.83760071,anonymous,EN,6112624ef121489f9b4ee7c2,1,19,8,1,2,2,1,2,2,1,2,1,2,1,1,1,2,1,2,2,1,1,2,1,,,1,,,,9,28,2,4,,0,,,0,1,0,1,1,1,45,28,40,14,0,0,0,2,0,1,1,4,70,10,20,70,20,10,80,10,10,80,10,10,50,50,0
23/08/2021 10:31,23/08/2021 10:55,0,102.249.2.76,100,1442,1,23/08/2021 10:55,R.0d3TFVu2EdWNCyB,,,,,-29.85560608,31.04490662,anonymous,EN,611f222b87129e565f38fb31,15,5,5,1,1,1,1,1,1,1,1,1,2,2,2,2,2,2,2,2,2,2,2,1,,,1,,,,6,23,2,4,,700,,,0,0,0,0,1,13,11,10,11,10,1,1,1,1,1,1,1,2,,,,,,,,,,,,,,,
23/08/2021 10:29,23/08/2021 10:55,0,41.161.32.99,100,1560,1,23/08/2021 10:55,R_20MSoCdV69gIfYc,,,,,-26.38110352,27.83760071,anonymous,EN,611d6078d33b376bfb58198f,9,11,11,2,2,1,2,2,2,1,1,2,2,1,2,2,2,2,2,2,2,2,2,1,,,1,,,,4,21,1,2,,90,,,0,0,2,1,0,31,50,70,30,30,0,0,0,0,2,2,0,5,20,30,50,45,5,50,80,15,5,70,20,10,25,25,50
23/08/2021 10:30,23/08/2021 10:56,0,102.252.65.172,100,1561,1,23/08/2021 10:56,R_1FaCV6cnIQuOJo0,,,,,-25.75990295,28.26040649,anonymous,EN,6116d82df010eb49e798e28e,15,5,4,1,1,1,1,1,1,1,1,1,2,2,2,2,2,2,2,2,2,2,2,1,,,1,,,,6,25,1,4,,0,,,0,0,2,2,2,35,80,98,100,85,0,0,1,0,2,2,2,3,60,20,20,100,0,0,0,0,100,100,0,0,0,100,0
23/08/2021 10:26,23/08/2021 10:58,0,197.185.96.217,100,1937,1,23/08/2021 10:58,R_3D22o9hzrM3CSGc,,,,,-26.38110352,27.83760071,anonymous,EN,611d79705036ec58dd66ba37,10,10,5,2,2,2,2,2,2,2,2,2,2,2,2,2,2,2,2,2,2,2,2,1,,,1,,,,9,24,2,4,,1471,,,0,1,0,0,0,50,50,50,50,50,1,1,1,1,1,1,1,2,,,,,,,,,,,,,,,
23/08/2021 10:31,23/08/2021 10:59,0,105.247.157.232,100,1684,1,23/08/2021 10:59,R_31jiDwhpRo54P2w,,,,,-26.38110352,27.83760071,anonymous,EN,611e0325831dfcf3668ed2eb,15,5,5,1,1,1,1,1,1,1,1,1,2,2,2,2,2,2,2,2,2,2,2,1,,,1,,,,9,34,2,3,,2019,,,0,0,0,0,1,17,26,13,23,32,0,0,1,1,0,1,2,2,62,34,4,5,20,75,1,99,0,29,45,26,38,59,3
23/08/2021 10:26,23/08/2021 10:59,0,89.223.138.49,100,1967,1,23/08/2021 10:59,R_3RwtIzzjunj6DDh,,,,,47.56359863,19.09469604,anonymous,EN,61212378214e27fc425213d3,10,10,10,2,2,2,2,2,2,2,2,2,2,2,2,2,2,2,2,2,2,2,2,1,,,1,,,,4,32,1,5,,1500,,,0,0,1,0,0,15,15,15,15,16,1,0,1,1,1,1,1,1,,,,,,,,,,,,,,,
23/08/2021 10:31,23/08/2021 11:03,0,169.0.85.57,100,1944,1,23/08/2021 11:03,R_1Qhf43uZd4T0aSp,,,,,-25.46350098,30.96240234,anonymous,EN,611cef2658a262a018829,10,10,7,2,2,2,2,2,2,2,2,2,2,2,2,2,2,2,2,2,2,2,2,2,0,1,0,1,,,5,20,2,2,,6,,,1,0,0,0,0,46,20,28,20,23,0,1,2,2,0,0,1,1,100,0,0,99,1,0,99,1,0,98,2,0,100,0,0
23/08/2021 10:35,23/08/2021 11:04,0,197.229.6.223,100,1791,1,23/08/2021 11:04,R_24Udv7FpdE7pCTv,,,,,-33.91400146,18.41290283,anonymous,EN,611e4f497bc43f0d63d301cf,13,7,5,2,2,2,2,2,2,2,2,1,2,2,2,2,2,2,2,2,2,2,2,2,1,,1,,,,1,34,2,2,,438,,,0,0,0,0,1,30,10,10,6,10,1,1,1,1,1,1,1,2,,,,,,,,,,,,,,,
23/08/2021 10:30,23/08/2021 11:06,0,197.101.118.224,100,2142,1,23/08/2021 11:06,R_2XnXWi1N2iLd6O5,,,,,-33.91400146,18.41290283,anonymous,EN,6111137967525c171b23e66c,10,10,1,2,2,2,2,2,2,2,2,2,2,2,2,2,2,2,2,2,2,2,2,1,,,1,,,,5,30,2,2,,246,,,0,0,0,0,0,32,32,11,20,20,0,1,1,0,1,2,0,5,0,100,0,0,50,50,0,50,50,0,40,60,0,0,100
23/08/2021 10:06,23/08/2021 11:07,0,102.141.76.20,100,3651,1,23/08/2021 11:07,R_1rNVfNPLuHXiOQf,,,,,-23.8500061,29.38000488,anonymous,EN,61223250a4f11c4bf43942ec,10,10,5,2,2,2,2,2,2,2,2,2,2,2,2,2,2,2,2,2,2,2,2,1,,,1,,,,7,28,2,3,,12,,,0,1,0,0,0,40,31,30,30,30,0,1,1,1,0,0,1,5,0,50,50,0,0,100,0,100,0,0,0,100,0,0,100
23/08/2021 10:38,23/08/2021 11:15,0,41.113.126.73,100,2211,1,23/08/2021 11:15,R_1dHt1KzlbzEwjYZ,,,,,-26.38110352,27.83760071,anonymous,EN,611e5cf0c0c5312707f84a6d,15,5,3,1,1,1,2,2,1,2,2,1,1,1,2,2,2,2,2,2,2,2,2,1,,,1,,,,2,22,1,3,,0,,,0,1,0,0,0,57,70,56,50,55,0,0,0,1,1,0,1,5,0,100,0,0,0,100,100,0,0,0,100,0,100,0,0
23/08/2021 10:23,23/08/2021 11:15,0,105.27.173.10,100,3136,1,23/08/2021 11:15,R_3fuWhuRHr8d7KqO,,,,,-26.38110352,27.83760071,anonymous,EN,61188b8aed6b55832324cf59,10,10,5,1,1,1,1,1,1,1,1,1,2,2,2,2,2,2,2,2,2,2,2,1,,,1,,,,5,27,2,4,,1431,,,0,0,2,1,0,21,24,33,29,23,0,1,1,1,2,2,0,4,10,40,50,10,50,40,20,30,50,20,30,50,10,40,50
23/08/2021 10:18,23/08/2021 11:18,0,5.64.220.110,100,3563,1,23/08/2021 11:18,R_3EKyz4Df15uP6YL,,,,,53.81089783,-1.636993408,anonymous,EN,6120df852128c7ace86fc21c,10,10,9,2,2,2,1,2,2,2,2,2,2,2,2,2,2,2,2,2,2,2,2,1,,,1,,,,4,38,2,4,,2394,,,0,0,1,0,1,30,60,48,53,60,1,1,1,1,1,1,1,2,,,,,,,,,,,,,,,
23/08/2021 11:48,23/08/2021 11:56,0,94.224.67.247,100,456,1,23/08/2021 11:56,R_51oQpdvKX8OkOXv,,,,,50.87579346,4.702697754,anonymous,EN,61074312e42690a97177bb63,11,9,5,1,1,1,1,1,1,1,1,1,1,1,1,1,1,2,2,2,2,2,2,1,,,1,,,,2,19,2,4,,0,,,1,0,1,0,0,15,15,12,15,3,1,0,1,1,1,1,1,5,,,,,,,,,,,,,,,
23/08/2021 11:50,23/08/2021 11:57,0,188.146.37.149,100,465,1,23/08/2021 11:57,R_RWwg9WbWcZdPomB,,,,,52.23980713,21.05299377,anonymous,EN,5f4155308b19382e4374df9f,10,10,2,1,1,1,1,1,1,1,1,1,2,2,2,2,2,2,2,2,2,2,2,1,,,1,,,,4,21,1,4,,1338,,,1,0,0,0,0,21,25,15,30,35,0,0,2,2,0,0,1,1,20,30,50,0,50,50,30,20,50,0,0,100,0,100,0
23/08/2021 11:49,23/08/2021 11:59,0,83.30.61.176,100,594,1,23/08/2021 11:59,R_1Lu1XXPq31BleZX,,,,,51.07919312,17.72239685,anonymous,EN,5eb2d38c06340e078d162fc4,10,10,9,1,1,1,1,1,1,1,1,1,1,1,1,1,1,1,1,1,1,2,1,1,,,1,,,,8,21,2,2,,900,,,0,0,1,0,0,45,38,64,64,50,1,1,1,1,1,1,1,5,,,,,,,,,,,,,,,
23/08/2021 11:50,23/08/2021 11:59,0,176.79.25.110,100,557,1,23/08/2021 11:59,R_XKRfv4XaQ2fQybL,,,,,41.55149841,-8.420394897,anonymous,EN,61047ec8aaf00551e5a6b3ae,10,10,9,1,1,1,1,1,1,1,1,1,2,2,2,2,2,2,2,2,2,2,2,1,,,1,,,,2,23,2,4,,0,,,1,0,0,0,1,18,19,19,21,13,0,0,2,2,0,0,2,2,50,30,20,50,30,20,50,30,20,50,30,20,50,30,20
23/08/2021 11:49,23/08/2021 12:00,0,92.178.245.155,100,678,1,23/08/2021 12:00,R_1FD7DpJd3fteTKc,,,,,41.647995,2.740402222,anonymous,EN,5f9d92fc62e2402cbd0e1cfb,15,5,3,1,1,1,1,1,1,1,1,2,2,2,2,2,2,2,2,2,2,2,2,1,,,1,,,,3,36,2,3,,785,,,0,0,0,0,0,20,24,35,37,42,1,0,1,1,1,1,1,2,,,,,,,,,,,,,,,
23/08/2021 11:50,23/08/2021 12:00,0,85.240.55.26,100,646,1,23/08/2021 12:00,R_10JkvEFjwiTrYxT,,,,,38.56610107,-7.893203735,anonymous,EN,612296b87416dfaf670907cd,10,10,5,1,1,1,1,1,1,1,1,1,2,2,2,2,2,2,2,2,2,2,2,1,,,0,0,1,,3,23,1,5,,900,,,1,1,1,0,1,40,30,30,20,21,1,1,1,1,1,1,1,1,,,,,,,,,,,,,,,
23/08/2021 11:48,23/08/2021 12:01,0,79.129.197.237,100,766,1,23/08/2021 12:01,R_3kFaEXuywTarY1F,,,,,37.98420715,23.73530579,anonymous,EN,611e62a8009572749814cba4,9,11,8,1,1,1,1,1,1,1,1,2,2,2,2,2,2,2,2,2,2,2,2,1,,,1,,,,3,29,1,2,,1004,,,0,0,0,1,1,20,21,20,20,20,1,0,1,1,1,1,1,2,,,,,,,,,,,,,,,
23/08/2021 11:50,23/08/2021 12:01,0,134.58.253.20,100,691,1,23/08/2021 12:01,R_3m34Z72niZdfOXz,,,,,50.87579346,4.702697754,anonymous,EN,6108324680b1ad9d8d8f0e9c,12,8,5,1,1,1,1,1,1,1,2,2,2,2,2,2,2,2,2,2,2,2,2,1,,,1,,,,3,18,2,2,,127,,,0,0,1,1,0,1,21,49,50,36,0,1,0,0,2,1,0,5,0,40,60,0,100,0,35,65,0,100,0,0,100,0,0
23/08/2021 11:49,23/08/2021 12:01,0,86.41.127.180,100,767,1,23/08/2021 12:01,R_3MrRcn8d9t2OX6L,,,,,52.98899841,-6.985107422,anonymous,EN,611d55f5238d42ef9db44c60,10,10,2,1,1,1,1,1,1,1,1,1,1,1,1,1,1,1,1,1,1,2,2,1,,,1,,,,1,23,1,3,,2000,,,0,0,0,0,0,22,10,8,7,10,0,0,1,0,0,0,0,5,33,33,34,33,33,34,33,33,34,33,33,34,33,33,34
23/08/2021 11:48,23/08/2021 12:02,0,85.138.214.60,100,856,1,23/08/2021 12:02,R_3e3KAFqJQdErAiu,,,,,37.10519409,-8.671295166,anonymous,EN,611e439faf653c7ba30ca2da,10,10,7,2,2,2,2,2,2,2,2,2,2,2,2,2,2,2,2,2,2,2,2,1,,,1,,,,7,19,2,2,,358,,,1,0,0,0,0,20,10,20,10,20,1,1,1,1,1,1,1,3,,,,,,,,,,,,,,,
23/08/2021 11:50,23/08/2021 12:02,0,95.136.64.6,100,740,1,23/08/2021 12:02,R.0dYDJHmoCkTPklP,,,,,38.73100281,-9.137298584,anonymous,EN,612294eb8b29c1b259157e88,10,10,5,1,1,1,1,1,1,1,1,1,2,2,2,2,2,2,2,2,2,2,2,1,,,1,,,,4,25,1,4,,900,,,0,0,1,1,0,30,40,60,42,20,1,0,1,1,1,1,1,5,,,,,,,,,,,,,,,
23/08/2021 11:49,23/08/2021 12:02,0,94.63.220.158,100,797,1,23/08/2021 12:02,R_OQ00TEXii49aUGB,,,,,38.71910095,-9.246795654,anonymous,EN,611fbdba8620c7770929b7be,15,5,5,1,1,1,1,1,1,1,1,2,2,2,2,2,2,2,2,2,2,2,2,1,,,1,,,,8,26,1,5,,900,,,0,1,1,1,0,39,52,36,38,22,1,0,1,1,1,1,1,3,,,,,,,,,,,,,,,
23/08/2021 11:50,23/08/2021 12:03,0,172.218.132.146,100,763,1,23/08/2021 12:03,R_5w35kgvIwYorrbP,,,,,48.45179749,-123.4206009,anonymous,EN,6122d927ef929d4259a418b9,10,10,1,2,2,2,2,2,2,2,2,2,2,2,2,2,2,2,2,2,2,2,2,1,,,1,,,,6,22,2,3,,3981,,,0,1,0,0,0,15,12,50,21,10,0,1,0,1,0,1,0,2,50,25,25,0,50,50,100,0,0,0,0,100,0,100,0
23/08/2021 11:50,23/08/2021 12:03,0,41.144.75.208,100,794,1,23/08/2021 12:03,R_2BlFFWNo44gdulK,,,,,-26.38110352,27.83760071,anonymous,EN,611d1282bbe306675e9a6889,10,10,5,1,1,1,1,2,2,2,2,2,2,2,2,2,2,2,2,2,2,2,2,2,0,1,0,0,1,,6,22,2,4,,350,,,1,0,0,0,0,15,9,8,10,9,1,1,1,1,1,1,1,3,,,,,,,,,,,,,,,
23/08/2021 11:49,23/08/2021 12:03,0,86.20.231.125,100,844,1,23/08/2021 12:03,R_1LFOfk89zGYQX6P,,,,,51.456604,-0.968002319,anonymous,EN,611e504b12e655024c547200,10,10,1,1,1,1,1,1,1,1,1,1,2,2,2,2,2,2,2,2,2,2,2,1,,,1,,,,9,20,1,3,,0,,,0,0,0,0,0,99,98,99,98,99,0,1,1,2,1,2,1,1,5,35,60,5,35,60,10,30,60,10,20,70,50,50,0
23/08/2021 11:49,23/08/2021 12:03,0,93.96.77.20,100,838,1,23/08/2021 12:03,R_1kOLY7znmNpQeLU,,,,,56.08009338,-3.400604248,anonymous,EN,611f75ff50db280c7200cb5c,10,10,5,1,1,1,1,2,2,2,2,2,2,2,2,2,2,2,2,2,2,2,2,1,,,1,,,,3,35,2,3,,1638,,,0,0,0,0,2,10,20,30,43,50,0,0,2,1,0,0,2,4,25,40,35,10,40,50,0,30,70,0,20,80,30,50,20
23/08/2021 11:50,23/08/2021 12:04,0,82.45.152.152,100,858,1,23/08/2021 12:04,R_bgel5xOOuvYcw3T,,,,,51.60040283,-0.11680603,anonymous,EN,6120c121f12627ac0a129ad9,10,10,9,1,1,1,1,1,1,1,1,2,2,2,2,2,2,2,2,2,2,2,2,1,,,0,1,,,4,24,2,4,,2008,,,0,0,0,0,0,23,51,50,59,84,1,1,1,1,1,1,1,4,,,,,,,,,,,,,,,
23/08/2021 11:49,23/08/2021 12:04,0,188.251.243.173,100,929,1,23/08/2021 12:04,R_3rYFm8XqqQagJLy,,,,,41.23460388,-8.618301392,anonymous,EN,611e69199102a9ea07155a4e,10,10,1,1,1,1,1,1,2,2,2,2,2,2,2,2,2,2,2,2,2,2,2,1,,,1,,,,3,33,1,4,,680,,,0,0,0,0,0,10,10,10,10,10,0,0,1,1,0,2,1,2,0,50,50,0,25,75,25,0,75,0,0,100,25,50,25
23/08/2021 11:48,23/08/2021 12:04,0,197.185.108.176,100,939,1,23/08/2021 12:04,R_wNrM6f2mEC75RFD,,,,,-26.38110352,27.83760071,anonymous,EN,610cac7d50295ff07abfe93f,11,9,10,1,1,1,1,1,1,1,1,1,2,2,2,2,2,2,2,2,2,2,2,1,,,1,,,,5,18,2,2,,0,,,0,0,0,0,0,11,14,12,32,50,0,1,0,1,1,0,1,2,0,100,0,0,0,100,100,0,0,0,0,100,0,0,100
23/08/2021 11:49,23/08/2021 12:04,0,105.226.37.135,100,910,1,23/08/2021 12:04,R_1lmkwsB4YOaJcpq,,,,,-29.85560608,31.04490662,anonymous,EN,6116bd402e9fa44267729b37,15,5,5,1,1,1,1,1,2,2,2,2,2,2,2,2,2,2,2,2,2,2,2,1,,,1,,,,6,27,2,3,,462,,,0,0,0,0,1,5,7,8,10,11,0,0,0,2,1,0,2,5,0,71,29,0,50,50,0,40,60,0,69,31,10,50,40
23/08/2021 11:48,23/08/2021 12:05,0,31.22.167.80,100,1027,1,23/08/2021 12:05,R_2Uf1tgVgxn6nBkm,,,,,38.73100281,-9.137298584,anonymous,EN,611fbf86423c9a875559377d,14,6,5,1,1,1,1,1,1,1,1,1,1,1,1,1,2,2,2,2,2,2,2,1,,,1,,,,4,18,2,2,,0,,,1,1,1,1,1,94,90,95,96,98,1,1,1,1,1,1,1,1,,,,,,,,,,,,,,,
23/08/2021 11:51,23/08/2021 12:05,0,85.52.163.50,100,893,1,23/08/2021 12:05,R_3O3udyTmKNKPbi7,,,,,37.38310242,-5.970703125,anonymous,EN,60fef367d2fda48937e87a76,12,8,2,1,1,1,1,2,2,2,2,2,2,2,2,2,2,2,2,2,2,2,2,1,,,1,,,,3,25,2,2,,420,,,0,0,1,0,0,15,20,23,17,18,1,0,1,1,1,1,1,5,,,,,,,,,,,,,,,
23/08/2021 11:49,23/08/2021 12:05,0,80.107.133.136,100,972,1,23/08/2021 12:06,R_CejJkP5eW1ouqxr,,,,,37.98420715,23.73530579,anonymous,EN,61110d1292db4b3a1858db21,10,10,5,1,1,1,1,2,2,2,2,2,2,2,2,2,2,2,2,2,2,2,2,1,,,1,,,,3,21,1,3,,496,,,0,1,1,0,0,30,30,85,37,24,0,0,1,2,1,1,2,1,25,50,25,50,35,15,80,20,0,0,50,50,50,40,10
23/08/2021 11:49,23/08/2021 12:06,0,102.69.208.224,100,1006,1,23/08/2021 12:06,R_31H752Z5NlQLCDj,,,,,-25.66079712,27.25259399,anonymous,EN,611cfb3951bf8c6f475676cb,10,10,5,1,1,1,1,1,1,1,1,1,2,2,2,2,2,2,2,2,2,2,2,1,,,1,,,,1,32,2,5,,,,,1,0,1,0,0,100,100,51,44,43,0,0,1,0,1,1,1,2,0,50,50,100,0,0,0,0,100,0,0,100,0,100,0
23/08/2021 11:50,23/08/2021 12:06,0,193.154.226.36,100,968,1,23/08/2021 12:06,R_vuyXOEqrhNBfmM1,,,,,48.19509888,16.34829712,anonymous,EN,6120bcf934db7fc525c1cf67,10,10,5,1,1,1,1,1,1,1,1,1,2,2,2,2,2,2,2,2,2,2,2,0,1,,1,,,,4,18,2,1,,0,,,0,1,0,1,0,10,10,10,16,10,0,1,1,2,2,2,2,1,10,60,30,20,50,30,40,40,20,30,30,40,33,33,33
23/08/2021 11:51,23/08/2021 12:06,0,91.182.199.163,100,956,1,23/08/2021 12:06,R_1QuYt1gocDGAAfa,,,,,50.83180237,4.021392822,anonymous,EN,6103d0cec8600ff6c84402cf,12,8,7,1,1,1,1,1,1,1,2,2,2,2,2,2,2,2,2,2,2,2,2,1,,,1,,,,7,21,2,2,,0,,,0,1,1,0,0,50,50,40,50,51,0,1,0,1,2,0,0,1,50,30,20,40,30,30,55,15,30,20,40,40,20,50,30
23/08/2021 11:50,23/08/2021 12:07,0,84.146.37.247,100,1020,1,23/08/2021 12:07,R_2BeqiJZB4ne2ck9,,,,,51.94949341,8.867294312,anonymous,EN,609405e75fbc827c5972db5a,10,10,2,1,1,1,1,1,2,2,2,2,2,2,2,2,2,2,2,2,2,2,2,0,1,,0,0,1,,6,28,2,2,,208,,,1,1,1,1,1,100,100,100,100,100,1,1,1,1,1,1,1,4,,,,,,,,,,,,,,,
23/08/2021 11:50,23/08/2021 12:07,0,41.117.148.184,100,996,1,23/08/2021 12:07,R_25v8YQ0DOeryvHT,,,,,-26.38110352,27.83760071,anonymous,EN,6122641edbdadcc3e63e0274,10,10,10,2,2,2,2,2,2,2,2,2,2,2,2,2,2,2,2,2,2,2,2,2,0,1,0,1,,,4,19,2,2,,415,,,0,1,0,1,0,45,35,31,26,13,1,0,1,1,1,1,1,5,,,,,,,,,,,,,,,
23/08/2021 11:49,23/08/2021 12:09,0,85.254.75.51,100,1176,1,23/08/2021 12:09,R_V4lopS00OP7rrdD,,,,,56.94960022,24.09779358,anonymous,EN,60ffdcf2484704046361d7b1,10,10,5,1,1,1,1,1,1,1,1,1,1,1,1,1,1,2,2,2,2,2,2,1,,,1,,,,2,18,3,1,,104,,,0,0,2,1,2,70,69,57,60,60,0,1,0,0,2,1,2,2,40,30,30,10,80,10,0,80,20,80,15,5,80,10,10
23/08/2021 11:51,23/08/2021 12:09,0,102.250.7.15,100,1108,1,23/08/2021 12:09,R_2w1u8W0HHyTl3Gu,,,,,-25.75990295,28.26040649,anonymous,EN,611d40000f20f78f2c074dd8,5,15,5,1,1,1,2,2,2,2,2,2,2,2,2,2,2,2,2,2,2,2,2,1,,,1,,,,5,29,2,4,,509,,,0,0,1,0,0,20,21,23,20,23,0,0,2,0,1,2,0,1,20,20,60,30,30,40,10,40,50,15,30,55,5,40,55
23/08/2021 11:51,23/08/2021 12:09,0,105.209.184.21,100,1119,1,23/08/2021 12:09,R_3KJiZJyPkzbuSlD,,,,,-26.38110352,27.83760071,anonymous,EN,611e43f635e97d79b17096ef,10,10,10,1,1,1,1,1,2,2,2,2,2,2,2,2,2,2,2,2,2,2,2,1,,,1,,,,3,21,1,3,,35,,,0,0,0,2,0,20,30,40,50,50,0,1,1,0,2,2,2,4,0,25,75,0,0,100,0,25,75,0,0,100,0,0,100
23/08/2021 11:51,23/08/2021 12:09,0,102.68.28.35,100,1094,1,23/08/2021 12:10,R_R8JCj8ilBbt72uJ,,,,,-29.90559387,30.94050598,anonymous,EN,610262964038cb455f123455,10,10,5,2,2,2,2,2,2,2,2,2,2,2,2,2,2,2,2,2,2,2,2,1,,,1,,,,6,29,2,5,,623,,,0,0,0,0,0,7,10,10,10,10,1,1,1,1,1,1,1,5,,,,,,,,,,,,,,,
23/08/2021 12:01,23/08/2021 12:11,0,87.123.197.137,100,580,1,23/08/2021 12:11,R_240HJbx13Sv79Ez,,,,,51.46600342,6.914093018,anonymous,EN,6120f6ca2eb5d602cf5bab95,10,10,2,1,1,1,1,1,1,1,2,2,2,2,2,2,2,2,2,2,2,2,2,1,,,1,,,,6,19,2,2,,100,,,0,0,1,0,1,34,40,48,36,33,1,1,1,1,1,1,1,4,,,,,,,,,,,,,,,
23/08/2021 12:01,23/08/2021 12:12,0,79.20.17.189,100,639,1,23/08/2021 12:12,R_2VwjWCWqgzYMl2j,,,,,45.77819824,8.970993042,anonymous,EN,6117b3587a6609d0aa9be298,13,7,7,1,1,1,1,1,1,1,2,2,2,2,2,2,2,2,2,2,2,2,2,1,,,1,,,,5,19,2,2,,300,,,0,0,0,1,1,25,30,35,40,36,1,0,1,1,1,1,1,2,,,,,,,,,,,,,,,
23/08/2021 12:00,23/08/2021 12:12,0,62.28.166.33,100,725,1,23/08/2021 12:12,R_2QgEcTjddUaXVfg,,,,,41.41749573,-8.434494019,anonymous,EN,61228be97c04b0c90b685f0b,19,1,1,1,1,1,1,1,1,1,1,1,1,1,1,1,1,1,1,1,1,2,2,1,,,1,,,,8,29,1,5,,750,,,1,1,0,0,1,51,40,25,25,30,0,0,2,2,0,0,2,4,80,10,10,20,70,10,50,25,25,33,33,33,25,50,25
23/08/2021 11:55,23/08/2021 12:12,0,102.250.0.188,100,1001,1,23/08/2021 12:12,R_24c9iqDF8fHszHb,,,,,-25.75990295,28.26040649,anonymous,EN,611fda564c6fa3a229aedd37,10,10,10,2,2,2,2,2,2,2,2,2,2,2,2,2,2,2,2,2,2,2,2,1,,,1,,,,9,29,2,3,,508,,,0,0,0,0,0,5,5,5,5,5,1,0,1,1,1,1,1,4,,,,,,,,,,,,,,,
23/08/2021 11:49,23/08/2021 12:12,0,41.144.74.82,100,1370,1,23/08/2021 12:12,R_1InnHp39YqbwuVq,,,,,-26.38110352,27.83760071,anonymous,EN,611542d7e8c371b496756d40,10,10,8,1,1,1,1,1,1,1,2,2,2,2,2,2,2,2,2,2,2,2,2,1,,,1,,,,2,18,2,2,,350,,,1,1,1,1,1,100,100,100,100,100,1,0,1,1,1,1,1,5,,,,,,,,,,,,,,,
23/08/2021 11:49,23/08/2021 12:12,0,197.185.109.146,100,1404,1,23/08/2021 12:12,R_2pY2lkRa6QRZBf4,,,,,-26.38110352,27.83760071,anonymous,EN,6120abafa892d8e531ffd6a7,10,10,5,1,1,1,1,1,1,1,1,1,2,2,2,2,2,2,2,2,2,2,2,1,,,1,,,,5,34,1,6,Certificate in Sound Engineering,0,,,0,0,1,0,1,10,10,10,10,10,1,1,1,1,1,1,1,4,,,,,,,,,,,,,,,
23/08/2021 11:51,23/08/2021 12:12,0,102.22.196.6,100,1297,1,23/08/2021 12:12,R_2z5ydV0QpqTOxuj,,,,,-33.91400146,18.41290283,anonymous,EN,611637d4ad33d3bca8c3c96e,12,8,8,1,1,1,1,1,1,1,2,2,2,2,2,2,2,2,2,2,2,2,2,2,0,1,0,1,,,4,25,2,4,,1004,,,0,0,0,0,0,1,1,1,1,1,0,1,2,2,2,2,0,2,0,50,50,20,40,40,50,25,25,100,0,0,30,60,10
23/08/2021 11:50,23/08/2021 12:13,0,197.185.103.223,100,1384,1,23/08/2021 12:13,R_1d9RQevFGWEwl5z,,,,,-26.38110352,27.83760071,anonymous,EN,611e326716962b5642cf0b1e,5,15,5,2,2,2,2,2,2,2,2,2,2,2,2,2,2,2,2,2,2,2,2,1,,,1,,,,4,34,2,2,,969,,,1,0,0,0,0,100,10,1,1,1,1,1,1,1,1,1,1,1,,,,,,,,,,,,,,,
23/08/2021 11:49,23/08/2021 12:13,0,165.73.78.46,100,1453,1,23/08/2021 12:13,R_3pGwys1Jw2T6GSR,,,,,-29.85560608,31.04490662,anonymous,EN,611d0ce64eb7e2f23f8f2843,9,11,8,1,1,1,1,1,1,1,1,2,2,2,2,2,2,2,2,2,2,2,2,1,,,1,,,,3,20,1,3,,530,,,0,0,1,1,0,50,50,52,50,21,1,0,1,1,1,1,1,5,,,,,,,,,,,,,,,
23/08/2021 11:49,23/08/2021 12:13,0,41.114.113.102,100,1440,1,23/08/2021 12:13,R_77ixkzf1BjIqG65,,,,,-25.75990295,28.26040649,anonymous,EN,Prolific ID 611e4aad7f8f811ba1871763,14,6,2,2,2,2,2,2,2,2,2,2,2,2,2,2,2,2,2,2,2,2,2,1,,,1,,,,9,20,2,4,,111,,,0,0,0,1,0,20,24,20,20,20,0,0,0,0,0,2,1,3,30,40,30,40,30,30,45,25,30,45,35,20,60,20,20
23/08/2021 11:56,23/08/2021 12:14,0,176.74.157.145,100,1077,1,23/08/2021 12:14,R_9QDZJsNyDq449nr,,,,,49.26669312,16.6000061,anonymous,EN,60590c82735e22554a60f253,13,7,5,1,1,1,1,1,1,1,1,1,1,2,2,2,2,2,2,2,2,2,2,1,,,1,,,,4,39,1,7,,840,,,0,0,0,1,0,30,32,30,30,31,1,1,1,1,1,1,1,3,,,,,,,,,,,,,,,
23/08/2021 11:48,23/08/2021 12:14,0,105.0.6.154,100,1537,1,23/08/2021 12:14,R_3KCIHZFa0VZilxV,,,,,-26.38110352,27.83760071,anonymous,EN,611d0f02d9bf6c149c1b342a,11,9,9,2,2,2,2,2,2,2,2,2,2,2,2,2,2,2,2,2,2,2,2,1,,,1,,,,9,27,2,2,,1814,,,1,1,0,0,0,49,50,54,52,59,1,0,1,1,1,1,1,5,,,,,,,,,,,,,,,
23/08/2021 12:01,23/08/2021 12:17,0,89.78.172.167,100,937,1,23/08/2021 12:17,R_XGQ96FrBDsH0K5j,,,,,54.38169861,18.62480164,anonymous,EN,611aa769f98db3494e1cd550,10,10,5,1,1,1,1,1,1,1,1,1,1,1,1,1,1,2,2,2,2,2,2,1,,,1,,,,4,31,2,5,,900,,,1,0,0,1,0,50,17,25,25,30,0,0,2,2,1,1,0,2,25,50,25,0,50,50,0,50,50,0,50,50,0,40,60
23/08/2021 11:50,23/08/2021 12:18,0,102.65.216.250,100,1675,1,23/08/2021 12:18,R_DHLdeUMsx3IE401,,,,,-26.38110352,27.83760071,anonymous,EN,61114afca21c9e68842444cf,19,1,10,1,1,1,1,1,1,1,1,2,1,1,1,1,1,1,1,1,1,1,1,2,1,,1,,,,5,31,1,2,,6000,,,0,0,0,1,1,20,33,40,50,100,1,0,1,1,1,1,1,2,,,,,,,,,,,,,,,
23/08/2021 11:56,23/08/2021 12:18,0,41.246.28.169,100,1329,1,23/08/2021 12:18,R_2a8KNLaOHgSler5,,,,,-29.90559387,30.94050598,anonymous,EN,611e0cfa4d0f7f5b8e58af80,10,10,10,2,2,2,2,2,2,2,2,2,2,2,2,2,2,2,2,2,2,2,2,1,,,1,,,,6,24,2,4,,992,,,1,1,1,1,1,60,60,68,58,52,1,1,1,1,1,1,1,1,,,,,,,,,,,,,,,
23/08/2021 11:51,23/08/2021 12:18,0,89.155.161.21,100,1630,1,23/08/2021 12:18,R_3mhIAkzqK8Dsuc1,,,,,41.22360229,-8.551895142,anonymous,EN,610e8c7f1052042da16b6ba1,10,10,5,1,1,1,1,2,2,2,2,2,2,2,2,2,2,2,2,2,2,2,2,1,,,1,,,,3,24,2,4,,0,,,0,0,0,0,0,20,26,40,40,50,0,1,0,0,1,0,1,5,33,33,33,0,0,100,0,50,50,0,0,100,0,50,50
23/08/2021 11:54,23/08/2021 12:19,0,102.252.68.121,100,1524,1,23/08/2021 12:19,R_1OpZ7YNzURFLx5G,,,,,-25.75990295,28.26040649,anonymous,EN,611e32d39d5a5784c88a6fb2,12,8,5,2,2,2,2,2,2,2,2,2,2,2,2,2,2,2,2,2,2,2,2,2,1,,1,,,,6,30,2,4,,402,,,0,0,0,1,0,25,25,25,25,25,0,0,0,2,1,2,0,3,50,30,20,75,0,25,80,10,10,50,25,25,50,25,25
23/08/2021 12:00,23/08/2021 12:20,0,102.65.85.176,100,1207,1,23/08/2021 12:20,R_1LeexwD97YxQXdu,,,,,-26.38110352,27.83760071,anonymous,EN,6114dd25344b8752a756f261,10,10,5,2,2,2,2,2,2,2,2,2,2,2,2,2,2,2,2,2,2,2,2,1,,,1,,,,6,32,2,3,,1073,,,0,0,0,0,0,10,10,10,20,10,0,1,2,2,1,0,2,5,40,20,40,20,60,20,20,30,50,60,15,25,20,25,55
23/08/2021 11:52,23/08/2021 12:22,0,102.39.208.103,100,1771,1,23/08/2021 12:22,R_1kNZz06qB6us5Bo,,,,,-33.91400146,18.41290283,anonymous,EN,6114284723b2864aa0e0d0e4,10,10,10,2,2,2,2,2,2,2,2,2,2,2,2,2,2,2,2,2,2,2,1,1,,,1,,,,2,22,1,6,,150,,,0,2,1,0,1,1,65,100,53,100,0,1,1,2,1,0,1,3,10,40,50,5,45,50,0,50,50,0,50,50,0,50,50
23/08/2021 11:52,23/08/2021 12:32,0,176.63.2.146,100,2372,1,23/08/2021 12:32,R_20ZmOc3JtERWFID,,,,,47.56359863,19.09469604,anonymous,EN,6113dd35bdfe6d46677605a8,13,7,1,1,1,1,1,1,1,1,2,2,2,2,2,2,2,2,2,2,2,2,2,1,,,1,,,,8,28,2,5,,831,,,0,0,0,1,0,20,12,20,25,22,1,1,1,1,1,1,1,1,,,,,,,,,,,,,,,
23/08/2021 13:07,23/08/2021 13:37,0,102.252.64.45,100,1796,1,23/08/2021 13:37,R_2xLvokEK9EdPAWz,,,,,-25.87750244,28.16799927,anonymous,EN,611d0b2d75edc18511a32fc4,10,10,10,1,1,1,1,1,1,1,1,1,1,1,1,1,1,1,2,2,2,2,2,0,0,1,0,1,,,6,29,1,4,,544,,,0,0,0,0,1,7,7,7,7,7,0,0,0,0,0,0,1,5,33,33,33,33,33,33,33,33,33,33,33,33,33,33,33
23/08/2021 09:55,23/08/2021 10:19,0,196.21.157.2,57,1452,0,30/08/2021 10:19,R_D6l1hVsx528LKWB,,,,,,,anonymous,EN,61233f010ab7c5d3d89ce0e4,11,9,8,1,1,1,1,1,1,1,1,1,2,1,1,1,1,1,1,1,1,1,1,1,,,1,,,,,,,,,,,,,,,,,,,,,,,,,,,,,,,,,,,,,,,,,,,,
23/08/2021 10:24,23/08/2021 10:28,0,178.255.139.200,36,196,0,30/08/2021 10:28,R_31ErUJBzaWRpllh,,,,,,,anonymous,EN,611a985dd3ac5db573ed76d2,10,10,8,2,2,1,2,2,2,2,2,2,2,2,2,2,2,2,2,2,2,2,2,0,,,,,,,,,,,,,,,,,,,,,,,,,,,,,,,,,,,,,,,,,,,,,,,
23/08/2021 10:31,23/08/2021 10:32,0,207.5.25.156,11,104,0,30/08/2021 10:33,R_32XWw3tNH0rEdiV,,,,,,,anonymous,EN,61213f0162b1c19bcd91a2a1,18,2,,,,,,,,,,,,,,,,,,,,,,,,,,,,,,,,,,,,,,,,,,,,,,,,,,,,,,,,,,,,,,,,,,,,,
23/08/2021 10:23,23/08/2021 10:33,0,41.116.57.31,57,598,0,30/08/2021 10:33,R_DM4CFIEIUvyUpvb,,,,,,,anonymous,EN,611e5af17471f998568b95e7,10,10,9,2,1,1,2,1,1,1,1,1,2,2,2,2,2,2,2,2,2,2,2,1,,,1,,,,,,,,,,,,,,,,,,,,,,,,,,,,,,,,,,,,,,,,,,,,
23/08/2021 10:18,23/08/2021 10:38,0,102.252.64.78,57,1206,0,30/08/2021 10:38,R_BVC9PfWiU8N3bX3,,,,,,,anonymous,EN,61143665af79f36231ef265e,6,14,2,2,2,2,2,2,2,1,2,2,2,2,2,1,1,1,1,1,2,1,2,0,0,1,1,,,,,,,,,,,,,,,,,,,,,,,,,,,,,,,,,,,,,,,,,,,,
23/08/2021 11:50,23/08/2021 11:55,0,41.113.167.122,14,317,0,30/08/2021 11:55,R_2YVtGISnd2QEh5R,,,,,,,anonymous,EN,611d2666f86e2def35eb8369,15,5,5,,,,,,,,,,,,,,,,,,,,,,,,,,,,,,,,,,,,,,,,,,,,,,,,,,,,,,,,,,,,,,,,,,,,
23/08/2021 11:48,23/08/2021 12:43,0,196.250.230.238,64,3304,0,30/08/2021 12:43,R_1GQ5baJkhnUztYo,,,,,,,anonymous,EN,610bb2c2553016af5e3c7ff9,12,8,1,1,1,1,1,1,1,1,1,1,2,2,2,2,2,2,2,2,2,2,2,1,,,1,,,,,,,,,,,,,,,,,,,,,,,,,,,,,,,,,,,,,,,,,,,,
